antecedents,consequents,antecedent support,consequent support,support,confidence,lift,leverage,conviction
beauty & health - Luxury Beauty,beauty & health - Value Bazaar,0.0624,0.05946666666666667,0.014666666666666666,0.23504273504273504,3.9525123605841093,0.010955946666666667,1.2295240223463688
beauty & health - Value Bazaar,beauty & health - Luxury Beauty,0.05946666666666667,0.0624,0.014666666666666666,0.24663677130044842,3.9525123605841097,0.010955946666666667,1.244552380952381
beauty & health - Value Bazaar,accessories - Fashion & Silver Jewellery,0.05946666666666667,0.02,0.005066666666666666,0.08520179372197309,4.260089686098654,0.003877333333333333,1.0712745098039216
accessories - Fashion & Silver Jewellery,beauty & health - Value Bazaar,0.02,0.05946666666666667,0.005066666666666666,0.2533333333333333,4.260089686098654,0.003877333333333333,1.259642857142857
beauty & health - Luxury Beauty,accessories - Sunglasses,0.0624,0.018933333333333333,0.005333333333333333,0.08547008547008547,4.5142650776453594,0.004151893333333333,1.072755140186916
accessories - Sunglasses,beauty & health - Luxury Beauty,0.018933333333333333,0.0624,0.005333333333333333,0.28169014084507044,4.5142650776453594,0.004151893333333333,1.305286274509804
beauty & health - Make-up,accessories - Sunglasses,0.058133333333333335,0.018933333333333333,0.005066666666666666,0.08715596330275228,4.603307920920015,0.003966008888888889,1.0747363484087102
accessories - Sunglasses,beauty & health - Make-up,0.018933333333333333,0.058133333333333335,0.005066666666666666,0.2676056338028169,4.603307920920015,0.003966008888888889,1.2860102564102562
beauty & health - Make-up,beauty & health - Luxury Beauty,0.058133333333333335,0.0624,0.013066666666666667,0.22477064220183487,3.602093625029405,0.009439146666666667,1.2094485207100591
beauty & health - Luxury Beauty,beauty & health - Make-up,0.0624,0.058133333333333335,0.013066666666666667,0.20940170940170943,3.602093625029405,0.009439146666666667,1.191334054054054
beauty & health - Make-up,beauty & health - Value Bazaar,0.058133333333333335,0.05946666666666667,0.014666666666666666,0.25229357798165136,4.242605010902209,0.01120967111111111,1.2578912065439671
beauty & health - Value Bazaar,beauty & health - Make-up,0.05946666666666667,0.058133333333333335,0.014666666666666666,0.24663677130044842,4.242605010902209,0.01120967111111111,1.250215873015873
beauty & health - Make-up,bags & luggage - Travel Duffles,0.058133333333333335,0.022133333333333335,0.0064,0.11009174311926606,4.974024538521057,0.005113315555555556,1.0988398625429554
bags & luggage - Travel Duffles,beauty & health - Make-up,0.022133333333333335,0.058133333333333335,0.0064,0.2891566265060241,4.974024538521056,0.005113315555555556,1.3249988700564972
bags & luggage - Travel Duffles,beauty & health - Value Bazaar,0.022133333333333335,0.05946666666666667,0.008266666666666667,0.37349397590361444,6.280728294343292,0.006950471111111111,1.5012358974358975
beauty & health - Value Bazaar,bags & luggage - Travel Duffles,0.05946666666666667,0.022133333333333335,0.008266666666666667,0.13901345291479822,6.280728294343293,0.006950471111111111,1.1357513888888888
beauty & health - Luxury Beauty,bags & luggage - Travel Duffles,0.0624,0.022133333333333335,0.0056,0.08974358974358974,4.054680259499537,0.0042188799999999995,1.0742760563380283
bags & luggage - Travel Duffles,beauty & health - Luxury Beauty,0.022133333333333335,0.0624,0.0056,0.25301204819277107,4.054680259499537,0.0042188799999999995,1.255174193548387
beauty & health - Make-up,accessories - Handbags & Clutches,0.058133333333333335,0.020533333333333334,0.0064,0.11009174311926606,5.361610866198022,0.005206328888888889,1.1006378006872852
accessories - Handbags & Clutches,beauty & health - Make-up,0.020533333333333334,0.058133333333333335,0.0064,0.3116883116883117,5.3616108661980215,0.005206328888888889,1.3683723270440251
beauty & health - Make-up,bags & luggage - Wallets,0.058133333333333335,0.020266666666666665,0.0072,0.1238532110091743,6.1111781747947855,0.006021831111111111,1.1182296684118673
bags & luggage - Wallets,beauty & health - Make-up,0.020266666666666665,0.058133333333333335,0.0072,0.35526315789473684,6.111178174794785,0.006021831111111111,1.4608544217687074
beauty & health - Luxury Beauty,bags & luggage - Wallets,0.0624,0.020266666666666665,0.005333333333333333,0.08547008547008547,4.2172739541160595,0.004068693333333333,1.0712971962616822
bags & luggage - Wallets,beauty & health - Luxury Beauty,0.020266666666666665,0.0624,0.005333333333333333,0.2631578947368421,4.2172739541160595,0.004068693333333333,1.2724571428571427
bags & luggage - Rucksacks,beauty & health - Luxury Beauty,0.0168,0.0624,0.005066666666666666,0.30158730158730157,4.833129833129833,0.004018346666666666,1.3424727272727273
beauty & health - Luxury Beauty,bags & luggage - Rucksacks,0.0624,0.0168,0.005066666666666666,0.0811965811965812,4.833129833129834,0.004018346666666666,1.0700874418604651
beauty & health - Luxury Beauty,bags & luggage - Backpacks,0.0624,0.020533333333333334,0.005066666666666666,0.0811965811965812,3.9543789543789543,0.0037853866666666663,1.0660241860465118
bags & luggage - Backpacks,beauty & health - Luxury Beauty,0.020533333333333334,0.0624,0.005066666666666666,0.24675324675324672,3.9543789543789543,0.0037853866666666663,1.2447448275862067
beauty & health - Make-up,bags & luggage - Backpacks,0.058133333333333335,0.020533333333333334,0.005866666666666667,0.10091743119266054,4.91480996068152,0.004672995555555556,1.0894068027210884
bags & luggage - Backpacks,beauty & health - Make-up,0.020533333333333334,0.058133333333333335,0.005866666666666667,0.2857142857142857,4.91480996068152,0.004672995555555556,1.3186133333333332
accessories - Bags & Luggage,beauty & health - Luxury Beauty,0.017066666666666667,0.0624,0.005866666666666667,0.34375,5.508814102564103,0.0048017066666666665,1.4287238095238095
beauty & health - Luxury Beauty,accessories - Bags & Luggage,0.0624,0.017066666666666667,0.005866666666666667,0.09401709401709402,5.508814102564102,0.0048017066666666665,1.0849358490566037
accessories - Jewellery,beauty & health - Value Bazaar,0.0192,0.05946666666666667,0.005866666666666667,0.3055555555555556,5.138266068759343,0.004724906666666667,1.354368
beauty & health - Value Bazaar,accessories - Jewellery,0.05946666666666667,0.0192,0.005866666666666667,0.09865470852017937,5.138266068759342,0.004724906666666667,1.0881512437810945
accessories - Jewellery,beauty & health - Make-up,0.0192,0.058133333333333335,0.0056,0.2916666666666667,5.0172018348623855,0.00448384,1.329694117647059
beauty & health - Make-up,accessories - Jewellery,0.058133333333333335,0.0192,0.0056,0.09633027522935779,5.0172018348623855,0.00448384,1.0853522842639594
accessories - Jewellery,beauty & health - Luxury Beauty,0.0192,0.0624,0.0056,0.2916666666666667,4.6741452991453,0.00440192,1.3236705882352942
beauty & health - Luxury Beauty,accessories - Jewellery,0.0624,0.0192,0.0056,0.08974358974358974,4.6741452991453,0.00440192,1.0774985915492958
appliances - Heating & Cooling Appliances,home & kitchen - Home Storage,0.0432,0.036,0.005333333333333333,0.12345679012345678,3.4293552812071333,0.003778133333333333,1.0997746478873238
home & kitchen - Home Storage,appliances - Heating & Cooling Appliances,0.036,0.0432,0.005333333333333333,0.14814814814814817,3.4293552812071333,0.003778133333333333,1.1232
home & kitchen - Home Storage,appliances - Kitchen & Home Appliances,0.036,0.047466666666666664,0.005866666666666667,0.16296296296296298,3.433208489388265,0.004157866666666667,1.1379823008849559
appliances - Kitchen & Home Appliances,home & kitchen - Home Storage,0.047466666666666664,0.036,0.005866666666666667,0.12359550561797754,3.433208489388265,0.004157866666666667,1.099948717948718
home & kitchen - Home Storage,home & kitchen - Garden & Outdoors,0.036,0.04106666666666667,0.0072,0.2,4.87012987012987,0.0057216,1.1986666666666665
home & kitchen - Garden & Outdoors,home & kitchen - Home Storage,0.04106666666666667,0.036,0.0072,0.17532467532467533,4.870129870129871,0.0057216,1.1689448818897636
home & kitchen - Home Improvement,home & kitchen - Home Storage,0.040266666666666666,0.036,0.005333333333333333,0.13245033112582782,3.6791758646063286,0.0038837333333333335,1.111175572519084
home & kitchen - Home Storage,home & kitchen - Home Improvement,0.036,0.040266666666666666,0.005333333333333333,0.14814814814814817,3.6791758646063286,0.0038837333333333335,1.1266434782608696
home & kitchen - Kitchen & Dining,appliances - Kitchen & Home Appliances,0.05733333333333333,0.047466666666666664,0.006933333333333333,0.12093023255813953,2.5476874836686703,0.00421191111111111,1.0835696649029982
appliances - Kitchen & Home Appliances,home & kitchen - Kitchen & Dining,0.047466666666666664,0.05733333333333333,0.006933333333333333,0.14606741573033707,2.54768748366867,0.00421191111111111,1.1039122807017543
home & kitchen - Kitchen Storage & Containers,appliances - Kitchen & Home Appliances,0.052533333333333335,0.047466666666666664,0.0056,0.1065989847715736,2.2457651286146127,0.0031064177777777777,1.0661878787878787
appliances - Kitchen & Home Appliances,home & kitchen - Kitchen Storage & Containers,0.047466666666666664,0.052533333333333335,0.0056,0.11797752808988765,2.2457651286146127,0.0031064177777777777,1.0741978768577494
appliances - Refrigerators,appliances - Kitchen & Home Appliances,0.04293333333333333,0.047466666666666664,0.0152,0.35403726708074534,7.458650289622445,0.013162097777777777,1.4745948717948718
appliances - Kitchen & Home Appliances,appliances - Refrigerators,0.047466666666666664,0.04293333333333333,0.0152,0.3202247191011236,7.458650289622445,0.013162097777777777,1.4079162534435261
appliances - Heating & Cooling Appliances,appliances - Refrigerators,0.0432,0.04293333333333333,0.0144,0.3333333333333333,7.763975155279503,0.012545279999999999,1.4355999999999998
appliances - Refrigerators,appliances - Heating & Cooling Appliances,0.04293333333333333,0.0432,0.0144,0.33540372670807456,7.763975155279503,0.012545279999999999,1.439671028037383
home & kitchen - Kitchen Storage & Containers,appliances - Refrigerators,0.052533333333333335,0.04293333333333333,0.005066666666666666,0.09644670050761421,2.2464293596493996,0.002811235555555555,1.059225468164794
appliances - Refrigerators,home & kitchen - Kitchen Storage & Containers,0.04293333333333333,0.052533333333333335,0.005066666666666666,0.11801242236024845,2.246429359649399,0.002811235555555555,1.0742403755868544
appliances - Refrigerators,home & kitchen - Kitchen & Dining,0.04293333333333333,0.05733333333333333,0.005333333333333333,0.12422360248447205,2.1666907410082334,0.0028718222222222224,1.0763782505910164
home & kitchen - Kitchen & Dining,appliances - Refrigerators,0.05733333333333333,0.04293333333333333,0.005333333333333333,0.09302325581395349,2.1666907410082334,0.0028718222222222224,1.0552273504273504
appliances - Kitchen & Home Appliances,home & kitchen - Indoor Lighting,0.047466666666666664,0.034666666666666665,0.0061333333333333335,0.12921348314606743,3.7273120138288682,0.004487822222222222,1.1085763440860215
home & kitchen - Indoor Lighting,appliances - Kitchen & Home Appliances,0.034666666666666665,0.047466666666666664,0.0061333333333333335,0.17692307692307693,3.7273120138288682,0.004487822222222222,1.1572834890965733
home & kitchen - Home Décor,home & kitchen - Indoor Lighting,0.03866666666666667,0.034666666666666665,0.005333333333333333,0.13793103448275862,3.9787798408488064,0.003992888888888889,1.1197866666666667
home & kitchen - Indoor Lighting,home & kitchen - Home Décor,0.034666666666666665,0.03866666666666667,0.005333333333333333,0.15384615384615385,3.9787798408488064,0.003992888888888889,1.136121212121212
home & kitchen - Home Improvement,appliances - Washing Machines,0.040266666666666666,0.0424,0.005866666666666667,0.1456953642384106,3.436211420717231,0.00415936,1.1209116279069766
appliances - Washing Machines,home & kitchen - Home Improvement,0.0424,0.040266666666666666,0.005866666666666667,0.13836477987421383,3.436211420717231,0.00415936,1.113851094890511
home & kitchen - Home Improvement,appliances - Kitchen & Home Appliances,0.040266666666666666,0.047466666666666664,0.009066666666666667,0.2251655629139073,4.743656522062654,0.0071553422222222236,1.2293378917378919
appliances - Kitchen & Home Appliances,home & kitchen - Home Improvement,0.047466666666666664,0.040266666666666666,0.009066666666666667,0.1910112359550562,4.743656522062654,0.0071553422222222236,1.186337037037037
home & kitchen - Home Improvement,home & kitchen - Garden & Outdoors,0.040266666666666666,0.04106666666666667,0.0072,0.17880794701986755,4.354089618990281,0.005546382222222222,1.1677333333333333
home & kitchen - Garden & Outdoors,home & kitchen - Home Improvement,0.04106666666666667,0.040266666666666666,0.0072,0.17532467532467533,4.354089618990281,0.005546382222222222,1.1637711286089238
home & kitchen - Home Improvement,home & kitchen - Furniture,0.040266666666666666,0.04106666666666667,0.0056,0.1390728476821192,3.3865141481035517,0.003946382222222222,1.1138379487179488
home & kitchen - Furniture,home & kitchen - Home Improvement,0.04106666666666667,0.040266666666666666,0.0056,0.13636363636363635,3.386514148103552,0.003946382222222222,1.1112701754385965
appliances - Refrigerators,home & kitchen - Home Improvement,0.04293333333333333,0.040266666666666666,0.0064,0.1490683229813665,3.702027888610095,0.004671217777777778,1.127861800486618
home & kitchen - Home Improvement,appliances - Refrigerators,0.040266666666666666,0.04293333333333333,0.0064,0.15894039735099338,3.7020278886100946,0.004671217777777778,1.1379296587926508
appliances - Refrigerators,appliances - Washing Machines,0.04293333333333333,0.0424,0.0136,0.3167701863354037,7.470994960740653,0.011779626666666666,1.4015781818181818
appliances - Washing Machines,appliances - Refrigerators,0.0424,0.04293333333333333,0.0136,0.32075471698113206,7.470994960740654,0.011779626666666666,1.4090148148148145
appliances - Heating & Cooling Appliances,appliances - Washing Machines,0.0432,0.0424,0.0128,0.2962962962962963,6.988120195667365,0.01096832,1.3608
appliances - Washing Machines,appliances - Heating & Cooling Appliances,0.0424,0.0432,0.0128,0.3018867924528302,6.988120195667364,0.01096832,1.3705513513513512
home & kitchen - Kitchen Storage & Containers,appliances - Washing Machines,0.052533333333333335,0.0424,0.005066666666666666,0.09644670050761421,2.27468633272675,0.002839253333333333,1.0598157303370785
appliances - Washing Machines,home & kitchen - Kitchen Storage & Containers,0.0424,0.052533333333333335,0.005066666666666666,0.11949685534591194,2.27468633272675,0.002839253333333333,1.0760514285714287
home & kitchen - Kitchen & Dining,appliances - Washing Machines,0.05733333333333333,0.0424,0.005333333333333333,0.09302325581395349,2.1939447125932428,0.0029024,1.0558153846153846
appliances - Washing Machines,home & kitchen - Kitchen & Dining,0.0424,0.05733333333333333,0.005333333333333333,0.12578616352201258,2.1939447125932428,0.0029024,1.0783021582733812
appliances - Kitchen & Home Appliances,appliances - Washing Machines,0.047466666666666664,0.0424,0.016266666666666665,0.34269662921348315,8.08246767012932,0.014254079999999999,1.4568615384615387
appliances - Washing Machines,appliances - Kitchen & Home Appliances,0.0424,0.047466666666666664,0.016266666666666665,0.38364779874213834,8.082467670129319,0.014254079999999999,1.5454367346938773
"appliances - Refrigerators, appliances - Kitchen & Home Appliances",appliances - Washing Machines,0.0152,0.0424,0.005066666666666666,0.3333333333333333,7.861635220125786,0.004422186666666666,1.4364
"appliances - Refrigerators, appliances - Washing Machines",appliances - Kitchen & Home Appliances,0.0136,0.047466666666666664,0.005066666666666666,0.37254901960784315,7.848645076007932,0.00442112,1.5181
"appliances - Kitchen & Home Appliances, appliances - Washing Machines",appliances - Refrigerators,0.016266666666666665,0.04293333333333333,0.005066666666666666,0.3114754098360656,7.254862030343143,0.004368284444444444,1.3900253968253968
appliances - Refrigerators,"appliances - Kitchen & Home Appliances, appliances - Washing Machines",0.04293333333333333,0.016266666666666665,0.005066666666666666,0.11801242236024845,7.254862030343143,0.004368284444444444,1.1153596244131456
appliances - Kitchen & Home Appliances,"appliances - Refrigerators, appliances - Washing Machines",0.047466666666666664,0.0136,0.005066666666666666,0.10674157303370786,7.848645076007932,0.00442112,1.1042716981132077
appliances - Washing Machines,"appliances - Refrigerators, appliances - Kitchen & Home Appliances",0.0424,0.0152,0.005066666666666666,0.11949685534591194,7.861635220125786,0.004422186666666666,1.1184514285714287
appliances - Heating & Cooling Appliances,appliances - Kitchen & Home Appliances,0.0432,0.047466666666666664,0.0128,0.2962962962962963,6.242197253433209,0.01074944,1.3536
appliances - Kitchen & Home Appliances,appliances - Heating & Cooling Appliances,0.047466666666666664,0.0432,0.0128,0.26966292134831465,6.2421972534332095,0.01074944,1.31008
appliances - Heating & Cooling Appliances,home & kitchen - Kitchen & Dining,0.0432,0.05733333333333333,0.005066666666666666,0.11728395061728394,2.0456503014642546,0.0025898666666666664,1.067916083916084
home & kitchen - Kitchen & Dining,appliances - Heating & Cooling Appliances,0.05733333333333333,0.0432,0.005066666666666666,0.08837209302325581,2.0456503014642546,0.0025898666666666664,1.0495510204081633
appliances - Kitchen & Home Appliances,home & kitchen - Furniture,0.047466666666666664,0.04106666666666667,0.0064,0.13483146067415733,3.2832336203122723,0.004450702222222222,1.1083774891774891
home & kitchen - Furniture,appliances - Kitchen & Home Appliances,0.04106666666666667,0.047466666666666664,0.0064,0.15584415584415584,3.2832336203122723,0.004450702222222222,1.1283856410256412
appliances - Refrigerators,home & kitchen - Furniture,0.04293333333333333,0.04106666666666667,0.0056,0.13043478260869565,3.176171654432524,0.003836871111111111,1.1027733333333334
home & kitchen - Furniture,appliances - Refrigerators,0.04106666666666667,0.04293333333333333,0.0056,0.13636363636363635,3.176171654432524,0.003836871111111111,1.1081824561403508
appliances - Heating & Cooling Appliances,home & kitchen - Furniture,0.0432,0.04106666666666667,0.005333333333333333,0.12345679012345678,3.006253006253006,0.0035592533333333332,1.0939943661971832
home & kitchen - Furniture,appliances - Heating & Cooling Appliances,0.04106666666666667,0.0432,0.005333333333333333,0.12987012987012986,3.0062530062530057,0.0035592533333333332,1.0996059701492538
home & kitchen - Home Décor,appliances - Kitchen & Home Appliances,0.03866666666666667,0.047466666666666664,0.0064,0.16551724137931034,3.487020534676482,0.004564622222222222,1.141465564738292
appliances - Kitchen & Home Appliances,home & kitchen - Home Décor,0.047466666666666664,0.03866666666666667,0.0064,0.13483146067415733,3.4870205346764824,0.004564622222222222,1.1111515151515152
home & kitchen - Home Décor,home & kitchen - Furniture,0.03866666666666667,0.04106666666666667,0.005333333333333333,0.13793103448275862,3.3587102552619794,0.003745422222222222,1.1123626666666666
home & kitchen - Furniture,home & kitchen - Home Décor,0.04106666666666667,0.03866666666666667,0.005333333333333333,0.12987012987012986,3.358710255261979,0.003745422222222222,1.1048159203980101
appliances - Refrigerators,home & kitchen - Home Décor,0.04293333333333333,0.03866666666666667,0.005333333333333333,0.12422360248447205,3.212679374598415,0.0036732444444444443,1.0976926713947992
home & kitchen - Home Décor,appliances - Refrigerators,0.03866666666666667,0.04293333333333333,0.005333333333333333,0.13793103448275862,3.2126793745984155,0.0036732444444444443,1.1101973333333333
home & kitchen - Home Décor,home & kitchen - Garden & Outdoors,0.03866666666666667,0.04106666666666667,0.006666666666666667,0.1724137931034483,4.198387819077475,0.0050787555555555555,1.158711111111111
home & kitchen - Garden & Outdoors,home & kitchen - Home Décor,0.04106666666666667,0.03866666666666667,0.006666666666666667,0.16233766233766234,4.198387819077474,0.0050787555555555555,1.1476382428940568
home & kitchen - Home Décor,appliances - Washing Machines,0.03866666666666667,0.0424,0.0061333333333333335,0.1586206896551724,3.7410540013012357,0.004493866666666667,1.1381311475409837
appliances - Washing Machines,home & kitchen - Home Décor,0.0424,0.03866666666666667,0.0061333333333333335,0.14465408805031446,3.7410540013012357,0.004493866666666667,1.1239117647058823
home & kitchen - Kitchen Storage & Containers,home & kitchen - Kitchen & Dining,0.052533333333333335,0.05733333333333333,0.0232,0.44162436548223344,7.70275056073663,0.020188088888888886,1.6882303030303027
home & kitchen - Kitchen & Dining,home & kitchen - Kitchen Storage & Containers,0.05733333333333333,0.052533333333333335,0.0232,0.4046511627906976,7.70275056073663,0.020188088888888886,1.5914479166666666
appliances - Heating & Cooling Appliances,home & kitchen - Home Furnishing,0.0432,0.03333333333333333,0.0056,0.12962962962962962,3.888888888888889,0.00416,1.1106382978723404
home & kitchen - Home Furnishing,appliances - Heating & Cooling Appliances,0.03333333333333333,0.0432,0.0056,0.168,3.888888888888889,0.00416,1.1500000000000001
home & kitchen - Home Furnishing,appliances - Washing Machines,0.03333333333333333,0.0424,0.005066666666666666,0.152,3.5849056603773586,0.003653333333333333,1.129245283018868
appliances - Washing Machines,home & kitchen - Home Furnishing,0.0424,0.03333333333333333,0.005066666666666666,0.11949685534591194,3.584905660377358,0.003653333333333333,1.0978571428571429
appliances - Kitchen & Home Appliances,home & kitchen - Home Furnishing,0.047466666666666664,0.03333333333333333,0.0056,0.11797752808988765,3.5393258426966296,0.004017777777777778,1.0959660297239915
home & kitchen - Home Furnishing,appliances - Kitchen & Home Appliances,0.03333333333333333,0.047466666666666664,0.0056,0.168,3.5393258426966296,0.004017777777777778,1.144871794871795
appliances - Heating & Cooling Appliances,home & kitchen - Garden & Outdoors,0.0432,0.04106666666666667,0.006933333333333333,0.16049382716049382,3.9081289081289077,0.005159253333333333,1.1422588235294118
home & kitchen - Garden & Outdoors,appliances - Heating & Cooling Appliances,0.04106666666666667,0.0432,0.006933333333333333,0.1688311688311688,3.9081289081289072,0.005159253333333333,1.15115
home & kitchen - Garden & Outdoors,appliances - Washing Machines,0.04106666666666667,0.0424,0.005866666666666667,0.14285714285714285,3.3692722371967654,0.00412544,1.1172
appliances - Washing Machines,home & kitchen - Garden & Outdoors,0.0424,0.04106666666666667,0.005866666666666667,0.13836477987421383,3.3692722371967654,0.00412544,1.1129226277372262
appliances - Refrigerators,home & kitchen - Garden & Outdoors,0.04293333333333333,0.04106666666666667,0.005066666666666666,0.11801242236024845,2.8736791159151407,0.0033035377777777776,1.0872413145539905
home & kitchen - Garden & Outdoors,appliances - Refrigerators,0.04106666666666667,0.04293333333333333,0.005066666666666666,0.12337662337662336,2.8736791159151407,0.0033035377777777776,1.0917649382716048
home & kitchen - Garden & Outdoors,appliances - Kitchen & Home Appliances,0.04106666666666667,0.047466666666666664,0.005066666666666666,0.12337662337662336,2.5992266160805486,0.0031173688888888884,1.0865935802469135
appliances - Kitchen & Home Appliances,home & kitchen - Garden & Outdoors,0.047466666666666664,0.04106666666666667,0.005066666666666666,0.10674157303370786,2.5992266160805486,0.0031173688888888884,1.07352285115304
home & kitchen - Home Improvement,home & kitchen - Bedroom Linen,0.040266666666666666,0.037333333333333336,0.0056,0.1390728476821192,3.7251655629139067,0.004096711111111111,1.1181743589743591
home & kitchen - Bedroom Linen,home & kitchen - Home Improvement,0.037333333333333336,0.040266666666666666,0.0056,0.15,3.725165562913907,0.004096711111111111,1.1290980392156862
home & kitchen - Bedroom Linen,home & kitchen - Furniture,0.037333333333333336,0.04106666666666667,0.0056,0.15,3.652597402597402,0.004066844444444444,1.128156862745098
home & kitchen - Furniture,home & kitchen - Bedroom Linen,0.04106666666666667,0.037333333333333336,0.0056,0.13636363636363635,3.652597402597402,0.004066844444444444,1.1146666666666667
home & kitchen - Home Décor,home & kitchen - Bedroom Linen,0.03866666666666667,0.037333333333333336,0.005333333333333333,0.13793103448275862,3.694581280788177,0.0038897777777777776,1.1166933333333333
home & kitchen - Bedroom Linen,home & kitchen - Home Décor,0.037333333333333336,0.03866666666666667,0.005333333333333333,0.14285714285714285,3.694581280788177,0.0038897777777777776,1.1215555555555554
home & kitchen - Bedroom Linen,home & kitchen - Garden & Outdoors,0.037333333333333336,0.04106666666666667,0.0056,0.15,3.652597402597402,0.004066844444444444,1.128156862745098
home & kitchen - Garden & Outdoors,home & kitchen - Bedroom Linen,0.04106666666666667,0.037333333333333336,0.0056,0.13636363636363635,3.652597402597402,0.004066844444444444,1.1146666666666667
appliances - Refrigerators,home & kitchen - Sewing & Craft Supplies,0.04293333333333333,0.031733333333333336,0.005066666666666666,0.11801242236024845,3.718878855890182,0.0037042488888888885,1.0978234741784036
home & kitchen - Sewing & Craft Supplies,appliances - Refrigerators,0.031733333333333336,0.04293333333333333,0.005066666666666666,0.15966386554621848,3.718878855890182,0.0037042488888888885,1.1389093333333333
home & kitchen - Indoor Lighting,home & kitchen - Sewing & Craft Supplies,0.034666666666666665,0.031733333333333336,0.005066666666666666,0.14615384615384616,4.605688429217841,0.003966577777777778,1.134006006006006
home & kitchen - Sewing & Craft Supplies,home & kitchen - Indoor Lighting,0.031733333333333336,0.034666666666666665,0.005066666666666666,0.15966386554621848,4.605688429217841,0.003966577777777778,1.1487466666666668
appliances - Kitchen & Home Appliances,home & kitchen - Sewing & Craft Supplies,0.047466666666666664,0.031733333333333336,0.005066666666666666,0.10674157303370786,3.3637050325748272,0.0035603911111111108,1.0839714884696017
home & kitchen - Sewing & Craft Supplies,appliances - Kitchen & Home Appliances,0.031733333333333336,0.047466666666666664,0.005066666666666666,0.15966386554621848,3.3637050325748277,0.0035603911111111108,1.1335146666666667
home & kitchen - Home Décor,home & kitchen - Sewing & Craft Supplies,0.03866666666666667,0.031733333333333336,0.005066666666666666,0.13103448275862067,4.1292379020573735,0.003839644444444444,1.1142751322751323
home & kitchen - Sewing & Craft Supplies,home & kitchen - Home Décor,0.031733333333333336,0.03866666666666667,0.005066666666666666,0.15966386554621848,4.129237902057374,0.003839644444444444,1.1439866666666667
beauty & health - Health & Personal Care,beauty & health - Value Bazaar,0.022933333333333333,0.05946666666666667,0.005066666666666666,0.2209302325581395,3.715194493690687,0.003702897777777777,1.2072517412935322
beauty & health - Value Bazaar,beauty & health - Health & Personal Care,0.05946666666666667,0.022933333333333333,0.005066666666666666,0.08520179372197309,3.715194493690687,0.003702897777777777,1.068067973856209
beauty & health - Beauty & Grooming,beauty & health - Health & Personal Care,0.026933333333333333,0.022933333333333333,0.005333333333333333,0.198019801980198,8.634584388671424,0.004715662222222222,1.2183176954732509
beauty & health - Health & Personal Care,beauty & health - Beauty & Grooming,0.022933333333333333,0.026933333333333333,0.005333333333333333,0.23255813953488372,8.634584388671426,0.004715662222222222,1.2679353535353535
beauty & health - Household Supplies,sports & fitness - Strength Training,0.027466666666666667,0.018933333333333333,0.005066666666666666,0.1844660194174757,9.742923560782167,0.0045466311111111105,1.202974603174603
sports & fitness - Strength Training,beauty & health - Household Supplies,0.018933333333333333,0.027466666666666667,0.005066666666666666,0.2676056338028169,9.742923560782168,0.0045466311111111105,1.3278820512820513
beauty & health - Beauty & Grooming,beauty & health - Diet & Nutrition,0.026933333333333333,0.022933333333333333,0.005866666666666667,0.21782178217821782,9.498042827538567,0.005248995555555556,1.249161181434599
beauty & health - Diet & Nutrition,beauty & health - Beauty & Grooming,0.022933333333333333,0.026933333333333333,0.005866666666666667,0.2558139534883721,9.498042827538567,0.005248995555555556,1.3075583333333334
beauty & health - Household Supplies,beauty & health - Personal Care Appliances,0.027466666666666667,0.022133333333333335,0.0061333333333333335,0.22330097087378642,10.088899286466253,0.005525404444444444,1.2590033333333333
beauty & health - Personal Care Appliances,beauty & health - Household Supplies,0.022133333333333335,0.027466666666666667,0.0061333333333333335,0.27710843373493976,10.088899286466253,0.005525404444444444,1.3453377777777777
beauty & health - Beauty & Grooming,beauty & health - Personal Care Appliances,0.026933333333333333,0.022133333333333335,0.005066666666666666,0.18811881188118812,8.499343910294643,0.004470542222222222,1.2044455284552844
beauty & health - Personal Care Appliances,beauty & health - Beauty & Grooming,0.022133333333333335,0.026933333333333333,0.005066666666666666,0.22891566265060237,8.499343910294643,0.004470542222222222,1.2619458333333333
beauty & health - Beauty & Grooming,beauty & health - Household Supplies,0.026933333333333333,0.027466666666666667,0.0061333333333333335,0.22772277227722773,8.290877631452465,0.005393564444444445,1.259305982905983
beauty & health - Household Supplies,beauty & health - Beauty & Grooming,0.027466666666666667,0.026933333333333333,0.0061333333333333335,0.22330097087378642,8.290877631452465,0.005393564444444445,1.2528233333333334
home & kitchen - Kitchen & Dining,grocery & gourmet foods - Snack Foods,0.05733333333333333,0.036,0.020266666666666665,0.35348837209302325,9.819121447028424,0.018202666666666666,1.4910791366906475
grocery & gourmet foods - Snack Foods,home & kitchen - Kitchen & Dining,0.036,0.05733333333333333,0.020266666666666665,0.562962962962963,9.819121447028424,0.018202666666666666,2.156949152542373
home & kitchen - Kitchen Storage & Containers,grocery & gourmet foods - Snack Foods,0.052533333333333335,0.036,0.0176,0.3350253807106599,9.30626057529611,0.015708800000000002,1.4496793893129771
grocery & gourmet foods - Snack Foods,home & kitchen - Kitchen Storage & Containers,0.036,0.052533333333333335,0.0176,0.48888888888888893,9.30626057529611,0.015708800000000002,1.8537391304347828
"home & kitchen - Kitchen Storage & Containers, home & kitchen - Kitchen & Dining",grocery & gourmet foods - Snack Foods,0.0232,0.036,0.010933333333333333,0.471264367816092,13.090676883780334,0.010098133333333334,1.8232173913043477
"home & kitchen - Kitchen Storage & Containers, grocery & gourmet foods - Snack Foods",home & kitchen - Kitchen & Dining,0.0176,0.05733333333333333,0.010933333333333333,0.6212121212121212,10.83509513742072,0.009924266666666666,2.48864
"home & kitchen - Kitchen & Dining, grocery & gourmet foods - Snack Foods",home & kitchen - Kitchen Storage & Containers,0.020266666666666665,0.052533333333333335,0.010933333333333333,0.5394736842105263,10.269169115682608,0.009868657777777777,2.0573561904761903
home & kitchen - Kitchen Storage & Containers,"home & kitchen - Kitchen & Dining, grocery & gourmet foods - Snack Foods",0.052533333333333335,0.020266666666666665,0.010933333333333333,0.2081218274111675,10.269169115682608,0.009868657777777777,1.2372273504273503
home & kitchen - Kitchen & Dining,"home & kitchen - Kitchen Storage & Containers, grocery & gourmet foods - Snack Foods",0.05733333333333333,0.0176,0.010933333333333333,0.19069767441860463,10.835095137420717,0.009924266666666666,1.2138850574712645
grocery & gourmet foods - Snack Foods,"home & kitchen - Kitchen Storage & Containers, home & kitchen - Kitchen & Dining",0.036,0.0232,0.010933333333333333,0.3037037037037037,13.090676883780333,0.010098133333333334,1.4028510638297873
"grocery & gourmet foods - Coffee, Tea & Beverages",home & kitchen - Kitchen & Dining,0.0328,0.05733333333333333,0.016533333333333334,0.5040650406504065,8.791832104367554,0.0146528,1.9007868852459016
home & kitchen - Kitchen & Dining,"grocery & gourmet foods - Coffee, Tea & Beverages",0.05733333333333333,0.0328,0.016533333333333334,0.28837209302325584,8.791832104367556,0.0146528,1.3591372549019607
"grocery & gourmet foods - Coffee, Tea & Beverages",grocery & gourmet foods - Snack Foods,0.0328,0.036,0.014933333333333333,0.45528455284552843,12.646793134598013,0.013752533333333334,1.7697313432835822
grocery & gourmet foods - Snack Foods,"grocery & gourmet foods - Coffee, Tea & Beverages",0.036,0.0328,0.014933333333333333,0.41481481481481486,12.646793134598013,0.013752533333333334,1.6528101265822785
"grocery & gourmet foods - Coffee, Tea & Beverages",home & kitchen - Kitchen Storage & Containers,0.0328,0.052533333333333335,0.016266666666666665,0.4959349593495934,9.440386282035407,0.014543573333333332,1.8796516129032255
home & kitchen - Kitchen Storage & Containers,"grocery & gourmet foods - Coffee, Tea & Beverages",0.052533333333333335,0.0328,0.016266666666666665,0.3096446700507614,9.440386282035409,0.014543573333333332,1.4010176470588234
"grocery & gourmet foods - Coffee, Tea & Beverages, home & kitchen - Kitchen & Dining",grocery & gourmet foods - Snack Foods,0.016533333333333334,0.036,0.007466666666666667,0.45161290322580644,12.544802867383513,0.006871466666666667,1.7578823529411765
"grocery & gourmet foods - Coffee, Tea & Beverages, grocery & gourmet foods - Snack Foods",home & kitchen - Kitchen & Dining,0.014933333333333333,0.05733333333333333,0.007466666666666667,0.5,8.720930232558139,0.006610488888888889,1.8853333333333333
"home & kitchen - Kitchen & Dining, grocery & gourmet foods - Snack Foods","grocery & gourmet foods - Coffee, Tea & Beverages",0.020266666666666665,0.0328,0.007466666666666667,0.368421052631579,11.232349165596919,0.0068019199999999995,1.5314
"grocery & gourmet foods - Coffee, Tea & Beverages","home & kitchen - Kitchen & Dining, grocery & gourmet foods - Snack Foods",0.0328,0.020266666666666665,0.007466666666666667,0.22764227642276422,11.232349165596919,0.0068019199999999995,1.2684968421052631
home & kitchen - Kitchen & Dining,"grocery & gourmet foods - Coffee, Tea & Beverages, grocery & gourmet foods - Snack Foods",0.05733333333333333,0.014933333333333333,0.007466666666666667,0.13023255813953488,8.720930232558139,0.006610488888888889,1.1325632798573975
grocery & gourmet foods - Snack Foods,"grocery & gourmet foods - Coffee, Tea & Beverages, home & kitchen - Kitchen & Dining",0.036,0.016533333333333334,0.007466666666666667,0.20740740740740743,12.544802867383513,0.006871466666666667,1.2408224299065422
"grocery & gourmet foods - Coffee, Tea & Beverages, home & kitchen - Kitchen Storage & Containers",grocery & gourmet foods - Snack Foods,0.016266666666666665,0.036,0.007466666666666667,0.45901639344262296,12.750455373406194,0.006881066666666666,1.7819393939393942
"grocery & gourmet foods - Coffee, Tea & Beverages, grocery & gourmet foods - Snack Foods",home & kitchen - Kitchen Storage & Containers,0.014933333333333333,0.052533333333333335,0.007466666666666667,0.5,9.51776649746193,0.006682168888888888,1.8949333333333334
"home & kitchen - Kitchen Storage & Containers, grocery & gourmet foods - Snack Foods","grocery & gourmet foods - Coffee, Tea & Beverages",0.0176,0.0328,0.007466666666666667,0.4242424242424242,12.93422025129342,0.006889386666666666,1.6798736842105262
"grocery & gourmet foods - Coffee, Tea & Beverages","home & kitchen - Kitchen Storage & Containers, grocery & gourmet foods - Snack Foods",0.0328,0.0176,0.007466666666666667,0.22764227642276422,12.934220251293421,0.006889386666666666,1.2719494736842105
home & kitchen - Kitchen Storage & Containers,"grocery & gourmet foods - Coffee, Tea & Beverages, grocery & gourmet foods - Snack Foods",0.052533333333333335,0.014933333333333333,0.007466666666666667,0.14213197969543145,9.517766497461928,0.006682168888888888,1.1482729783037475
grocery & gourmet foods - Snack Foods,"grocery & gourmet foods - Coffee, Tea & Beverages, home & kitchen - Kitchen Storage & Containers",0.036,0.016266666666666665,0.007466666666666667,0.20740740740740743,12.750455373406195,0.006881066666666666,1.241158878504673
"grocery & gourmet foods - Coffee, Tea & Beverages, home & kitchen - Kitchen & Dining",home & kitchen - Kitchen Storage & Containers,0.016533333333333334,0.052533333333333335,0.0088,0.532258064516129,10.131815948911084,0.00793144888888889,2.0256183908045977
"grocery & gourmet foods - Coffee, Tea & Beverages, home & kitchen - Kitchen Storage & Containers",home & kitchen - Kitchen & Dining,0.016266666666666665,0.05733333333333333,0.0088,0.5409836065573771,9.435760579489136,0.007867377777777778,2.053666666666667
"home & kitchen - Kitchen Storage & Containers, home & kitchen - Kitchen & Dining","grocery & gourmet foods - Coffee, Tea & Beverages",0.0232,0.0328,0.0088,0.37931034482758624,11.564339781328847,0.00803904,1.558266666666667
"grocery & gourmet foods - Coffee, Tea & Beverages","home & kitchen - Kitchen Storage & Containers, home & kitchen - Kitchen & Dining",0.0328,0.0232,0.0088,0.2682926829268293,11.564339781328849,0.00803904,1.33496
home & kitchen - Kitchen & Dining,"grocery & gourmet foods - Coffee, Tea & Beverages, home & kitchen - Kitchen Storage & Containers",0.05733333333333333,0.016266666666666665,0.0088,0.15348837209302327,9.435760579489136,0.007867377777777778,1.1621025641025642
home & kitchen - Kitchen Storage & Containers,"grocery & gourmet foods - Coffee, Tea & Beverages, home & kitchen - Kitchen & Dining",0.052533333333333335,0.016533333333333334,0.0088,0.16751269035532995,10.131815948911086,0.00793144888888889,1.181359349593496
men's shoes - Sports Shoes,men's shoes - Formal Shoes,0.05386666666666667,0.05733333333333333,0.02,0.3712871287128713,6.475938291503569,0.016911644444444443,1.4993595800524935
men's shoes - Formal Shoes,men's shoes - Sports Shoes,0.05733333333333333,0.05386666666666667,0.02,0.3488372093023256,6.475938291503569,0.016911644444444443,1.4529904761904762
men's shoes - Casual Shoes,men's shoes - Sports Shoes,0.052533333333333335,0.05386666666666667,0.020533333333333334,0.39086294416243655,7.25611901291652,0.017703537777777778,1.5532355555555555
men's shoes - Sports Shoes,men's shoes - Casual Shoes,0.05386666666666667,0.052533333333333335,0.020533333333333334,0.3811881188118812,7.25611901291652,0.017703537777777778,1.5311061333333333
men's shoes - Casual Shoes,men's shoes - Formal Shoes,0.052533333333333335,0.05733333333333333,0.021866666666666666,0.416243654822335,7.260063746901192,0.018854755555555554,1.6148289855072462
men's shoes - Formal Shoes,men's shoes - Casual Shoes,0.05733333333333333,0.052533333333333335,0.021866666666666666,0.38139534883720927,7.260063746901191,0.018854755555555554,1.5316190476190477
men's shoes - Casual Shoes,women's shoes - Shoes,0.052533333333333335,0.05333333333333334,0.012,0.22842639593908629,4.282994923857868,0.009198222222222222,1.2269298245614035
women's shoes - Shoes,men's shoes - Casual Shoes,0.05333333333333334,0.052533333333333335,0.012,0.22499999999999998,4.282994923857867,0.009198222222222222,1.222537634408602
men's shoes - Casual Shoes,women's shoes - Ballerinas,0.052533333333333335,0.0536,0.0096,0.18274111675126903,3.4093491931206907,0.006784213333333332,1.1580173913043479
women's shoes - Ballerinas,men's shoes - Casual Shoes,0.0536,0.052533333333333335,0.0096,0.1791044776119403,3.4093491931206907,0.006784213333333332,1.1541866666666667
"men's shoes - Casual Shoes, men's shoes - Sports Shoes",men's shoes - Formal Shoes,0.020533333333333334,0.05733333333333333,0.006666666666666667,0.3246753246753247,5.662941709453337,0.005489422222222222,1.395871794871795
"men's shoes - Casual Shoes, men's shoes - Formal Shoes",men's shoes - Sports Shoes,0.021866666666666666,0.05386666666666667,0.006666666666666667,0.30487804878048785,5.659864766964502,0.005488782222222223,1.3611040935672516
"men's shoes - Sports Shoes, men's shoes - Formal Shoes",men's shoes - Casual Shoes,0.02,0.052533333333333335,0.006666666666666667,0.33333333333333337,6.34517766497462,0.005616,1.4212
men's shoes - Casual Shoes,"men's shoes - Sports Shoes, men's shoes - Formal Shoes",0.052533333333333335,0.02,0.006666666666666667,0.12690355329949238,6.345177664974619,0.005616,1.1224418604651163
men's shoes - Sports Shoes,"men's shoes - Casual Shoes, men's shoes - Formal Shoes",0.05386666666666667,0.021866666666666666,0.006666666666666667,0.12376237623762378,5.659864766964502,0.005488782222222223,1.1162877589453861
men's shoes - Formal Shoes,"men's shoes - Casual Shoes, men's shoes - Sports Shoes",0.05733333333333333,0.020533333333333334,0.006666666666666667,0.11627906976744187,5.662941709453338,0.005489422222222222,1.1083438596491229
men's shoes - Sports Shoes,men's clothing - Shirts,0.05386666666666667,0.04666666666666667,0.0112,0.2079207920792079,4.455445544554455,0.008686222222222222,1.2035833333333332
men's clothing - Shirts,men's shoes - Sports Shoes,0.04666666666666667,0.05386666666666667,0.0112,0.24,4.455445544554455,0.008686222222222222,1.2449122807017545
men's shoes - Casual Shoes,men's clothing - Shirts,0.052533333333333335,0.04666666666666667,0.009066666666666667,0.17258883248730966,3.698332124728064,0.0066151111111111115,1.152188139059305
men's clothing - Shirts,men's shoes - Casual Shoes,0.04666666666666667,0.052533333333333335,0.009066666666666667,0.19428571428571428,3.6983321247280636,0.0066151111111111115,1.175933806146572
men's clothing - Shirts,men's shoes - Formal Shoes,0.04666666666666667,0.05733333333333333,0.008266666666666667,0.17714285714285713,3.0897009966777405,0.005591111111111111,1.1456018518518518
men's shoes - Formal Shoes,men's clothing - Shirts,0.05733333333333333,0.04666666666666667,0.008266666666666667,0.14418604651162792,3.089700996677741,0.005591111111111111,1.1139492753623188
men's clothing - Shirts,men's clothing - T-shirts & Polos,0.04666666666666667,0.0424,0.012,0.2571428571428571,6.064690026954177,0.010021333333333333,1.289076923076923
men's clothing - T-shirts & Polos,men's clothing - Shirts,0.0424,0.04666666666666667,0.012,0.2830188679245283,6.064690026954177,0.010021333333333333,1.3296491228070175
men's shoes - Sports Shoes,men's clothing - T-shirts & Polos,0.05386666666666667,0.0424,0.009066666666666667,0.16831683168316833,3.9697365963011397,0.006782720000000001,1.1514
men's clothing - T-shirts & Polos,men's shoes - Sports Shoes,0.0424,0.05386666666666667,0.009066666666666667,0.2138364779874214,3.9697365963011397,0.006782720000000001,1.2034816
men's shoes - Casual Shoes,men's clothing - T-shirts & Polos,0.052533333333333335,0.0424,0.008533333333333334,0.16243654822335027,3.8310506656450536,0.0063059200000000004,1.1433163636363637
men's clothing - T-shirts & Polos,men's shoes - Casual Shoes,0.0424,0.052533333333333335,0.008533333333333334,0.20125786163522014,3.831050665645053,0.0063059200000000004,1.1861984251968503
men's clothing - Jeans,men's clothing - T-shirts & Polos,0.04346666666666667,0.0424,0.012533333333333334,0.2883435582822086,6.8005556198634105,0.010690346666666666,1.3455931034482758
men's clothing - T-shirts & Polos,men's clothing - Jeans,0.0424,0.04346666666666667,0.012533333333333334,0.29559748427672955,6.80055561986341,0.010690346666666666,1.3579357142857142
men's shoes - Formal Shoes,men's clothing - T-shirts & Polos,0.05733333333333333,0.0424,0.008533333333333334,0.14883720930232558,3.5103115401491882,0.006102400000000001,1.1250491803278688
men's clothing - T-shirts & Polos,men's shoes - Formal Shoes,0.0424,0.05733333333333333,0.008533333333333334,0.20125786163522014,3.5103115401491882,0.006102400000000001,1.1801889763779527
men's clothing - Innerwear,men's clothing - T-shirts & Polos,0.04373333333333333,0.0424,0.011733333333333333,0.2682926829268293,6.327657616198804,0.00987904,1.30872
men's clothing - T-shirts & Polos,men's clothing - Innerwear,0.0424,0.04373333333333333,0.011733333333333333,0.27672955974842767,6.327657616198803,0.00987904,1.322142608695652
women's clothing - Lingerie & Nightwear,men's clothing - T-shirts & Polos,0.044,0.0424,0.005333333333333333,0.12121212121212122,2.858776443682104,0.0034677333333333333,1.0896827586206896
men's clothing - T-shirts & Polos,women's clothing - Lingerie & Nightwear,0.0424,0.044,0.005333333333333333,0.12578616352201258,2.858776443682104,0.0034677333333333333,1.0935539568345323
men's clothing - T-shirts & Polos,women's clothing - Western Wear,0.0424,0.0424,0.0064,0.1509433962264151,3.5599857600569598,0.0046022400000000005,1.12784
women's clothing - Western Wear,men's clothing - T-shirts & Polos,0.0424,0.0424,0.0064,0.1509433962264151,3.5599857600569598,0.0046022400000000005,1.12784
men's clothing - Jeans,men's shoes - Formal Shoes,0.04346666666666667,0.05733333333333333,0.009066666666666667,0.20858895705521474,3.638179483521187,0.006574577777777778,1.1911214470284237
men's shoes - Formal Shoes,men's clothing - Jeans,0.05733333333333333,0.04346666666666667,0.009066666666666667,0.15813953488372093,3.638179483521187,0.006574577777777778,1.1362136279926336
men's shoes - Sports Shoes,men's clothing - Jeans,0.05386666666666667,0.04346666666666667,0.0088,0.16336633663366337,3.7584279900382676,0.006458595555555556,1.1433120315581855
men's clothing - Jeans,men's shoes - Sports Shoes,0.04346666666666667,0.05386666666666667,0.0088,0.20245398773006135,3.7584279900382676,0.006458595555555556,1.186305641025641
men's clothing - Innerwear,men's clothing - Jeans,0.04373333333333333,0.04346666666666667,0.0144,0.32926829268292684,7.5751907825826725,0.012499057777777777,1.4261042424242425
men's clothing - Jeans,men's clothing - Innerwear,0.04346666666666667,0.04373333333333333,0.0144,0.3312883435582822,7.575190782582672,0.012499057777777777,1.4300134556574924
men's clothing - Shirts,men's clothing - Jeans,0.04666666666666667,0.04346666666666667,0.013066666666666667,0.28,6.441717791411043,0.011038222222222224,1.3285185185185187
men's clothing - Jeans,men's clothing - Shirts,0.04346666666666667,0.04666666666666667,0.013066666666666667,0.3006134969325153,6.441717791411042,0.011038222222222224,1.3630994152046785
men's shoes - Casual Shoes,men's clothing - Jeans,0.052533333333333335,0.04346666666666667,0.007466666666666667,0.14213197969543145,3.269907508330478,0.0051832177777777775,1.1150122287968443
men's clothing - Jeans,men's shoes - Casual Shoes,0.04346666666666667,0.052533333333333335,0.007466666666666667,0.17177914110429449,3.2699075083304785,0.0051832177777777775,1.1439782716049383
men's clothing - Jeans,women's clothing - Lingerie & Nightwear,0.04346666666666667,0.044,0.007733333333333333,0.17791411042944785,4.043502509760179,0.0058208,1.1628955223880597
women's clothing - Lingerie & Nightwear,men's clothing - Jeans,0.044,0.04346666666666667,0.007733333333333333,0.17575757575757578,4.043502509760179,0.0058208,1.1605
men's clothing - Innerwear,men's clothing - Shirts,0.04373333333333333,0.04666666666666667,0.014666666666666666,0.3353658536585366,7.186411149825784,0.012625777777777777,1.4343730886850155
men's clothing - Shirts,men's clothing - Innerwear,0.04666666666666667,0.04373333333333333,0.014666666666666666,0.3142857142857143,7.186411149825784,0.012625777777777777,1.3945555555555555
men's shoes - Sports Shoes,men's clothing - Innerwear,0.05386666666666667,0.04373333333333333,0.0088,0.16336633663366337,3.7355107461965713,0.0064442311111111115,1.1429932938856018
men's clothing - Innerwear,men's shoes - Sports Shoes,0.04373333333333333,0.05386666666666667,0.0088,0.20121951219512196,3.7355107461965713,0.0064442311111111115,1.1844722646310433
men's shoes - Casual Shoes,men's clothing - Innerwear,0.052533333333333335,0.04373333333333333,0.007733333333333333,0.14720812182741116,3.366039371053609,0.005435875555555556,1.121336507936508
men's clothing - Innerwear,men's shoes - Casual Shoes,0.04373333333333333,0.052533333333333335,0.007733333333333333,0.17682926829268295,3.3660393710536094,0.005435875555555556,1.1509965432098765
men's clothing - Innerwear,men's shoes - Formal Shoes,0.04373333333333333,0.05733333333333333,0.009066666666666667,0.20731707317073172,3.6159954622802046,0.0065592888888888895,1.1892102564102562
men's shoes - Formal Shoes,men's clothing - Innerwear,0.05733333333333333,0.04373333333333333,0.009066666666666667,0.15813953488372093,3.615995462280204,0.0065592888888888895,1.1358968692449356
men's clothing - Innerwear,women's clothing - Lingerie & Nightwear,0.04373333333333333,0.044,0.0061333333333333335,0.1402439024390244,3.1873614190687367,0.004209066666666667,1.1119432624113474
women's clothing - Lingerie & Nightwear,men's clothing - Innerwear,0.044,0.04373333333333333,0.0061333333333333335,0.1393939393939394,3.1873614190687363,0.004209066666666667,1.1111549295774648
men's shoes - Formal Shoes,women's shoes - Ballerinas,0.05733333333333333,0.0536,0.012,0.20930232558139536,3.9048941339812564,0.008926933333333333,1.1969176470588236
women's shoes - Ballerinas,men's shoes - Formal Shoes,0.0536,0.05733333333333333,0.012,0.22388059701492538,3.904894133981257,0.008926933333333333,1.2145897435897435
men's shoes - Sports Shoes,women's shoes - Ballerinas,0.05386666666666667,0.0536,0.011733333333333333,0.21782178217821782,4.06383921974287,0.00884608,1.209954430379747
women's shoes - Ballerinas,men's shoes - Sports Shoes,0.0536,0.05386666666666667,0.011733333333333333,0.21890547263681592,4.06383921974287,0.00884608,1.211291719745223
women's shoes - Shoes,women's shoes - Ballerinas,0.05333333333333334,0.0536,0.021333333333333333,0.39999999999999997,7.462686567164178,0.018474666666666667,1.577333333333333
women's shoes - Ballerinas,women's shoes - Shoes,0.0536,0.05333333333333334,0.021333333333333333,0.3980099502487562,7.4626865671641776,0.018474666666666667,1.5725619834710742
women's shoes - Shoes,men's shoes - Formal Shoes,0.05333333333333334,0.05733333333333333,0.009866666666666666,0.18499999999999997,3.226744186046511,0.006808888888888888,1.156646216768916
men's shoes - Formal Shoes,women's shoes - Shoes,0.05733333333333333,0.05333333333333334,0.009866666666666666,0.17209302325581394,3.226744186046511,0.006808888888888888,1.1434456928838952
men's shoes - Sports Shoes,women's shoes - Shoes,0.05386666666666667,0.05333333333333334,0.010133333333333333,0.18811881188118812,3.527227722772277,0.0072604444444444435,1.1660162601626016
women's shoes - Shoes,men's shoes - Sports Shoes,0.05333333333333334,0.05386666666666667,0.010133333333333333,0.18999999999999997,3.5272277227722766,0.0072604444444444435,1.168065843621399
women's shoes - Fashion Sandals,women's shoes - Ballerinas,0.05146666666666667,0.0536,0.0208,0.40414507772020725,7.540020106720284,0.018041386666666666,1.5883060869565218
women's shoes - Ballerinas,women's shoes - Fashion Sandals,0.0536,0.05146666666666667,0.0208,0.38805970149253727,7.540020106720283,0.018041386666666666,1.5500422764227642
women's shoes - Fashion Sandals,women's shoes - Shoes,0.05146666666666667,0.05333333333333334,0.020266666666666665,0.3937823834196891,7.38341968911917,0.017521777777777775,1.5615954415954414
women's shoes - Shoes,women's shoes - Fashion Sandals,0.05333333333333334,0.05146666666666667,0.020266666666666665,0.37999999999999995,7.38341968911917,0.017521777777777775,1.5298924731182793
men's shoes - Sports Shoes,women's shoes - Fashion Sandals,0.05386666666666667,0.05146666666666667,0.0104,0.19306930693069305,3.7513466372543984,0.007627662222222222,1.175483026584867
women's shoes - Fashion Sandals,men's shoes - Sports Shoes,0.05146666666666667,0.05386666666666667,0.0104,0.20207253886010362,3.751346637254399,0.007627662222222222,1.1857385281385282
women's shoes - Fashion Sandals,men's shoes - Formal Shoes,0.05146666666666667,0.05733333333333333,0.0088,0.17098445595854922,2.982287022532835,0.005849244444444445,1.1370916666666666
men's shoes - Formal Shoes,women's shoes - Fashion Sandals,0.05733333333333333,0.05146666666666667,0.0088,0.15348837209302327,2.9822870225328355,0.005849244444444445,1.1205201465201464
men's shoes - Casual Shoes,women's shoes - Fashion Sandals,0.052533333333333335,0.05146666666666667,0.0104,0.1979695431472081,3.8465584808395357,0.007696284444444444,1.1826649789029537
women's shoes - Fashion Sandals,men's shoes - Casual Shoes,0.05146666666666667,0.052533333333333335,0.0104,0.20207253886010362,3.8465584808395357,0.007696284444444444,1.187409523809524
"women's shoes - Fashion Sandals, women's shoes - Shoes",women's shoes - Ballerinas,0.020266666666666665,0.0536,0.008533333333333334,0.4210526315789474,7.855459544383347,0.00744704,1.634690909090909
"women's shoes - Fashion Sandals, women's shoes - Ballerinas",women's shoes - Shoes,0.0208,0.05333333333333334,0.008533333333333334,0.4102564102564103,7.6923076923076925,0.007424,1.6052173913043482
"women's shoes - Shoes, women's shoes - Ballerinas",women's shoes - Fashion Sandals,0.021333333333333333,0.05146666666666667,0.008533333333333334,0.4,7.772020725388601,0.007435377777777778,1.580888888888889
women's shoes - Fashion Sandals,"women's shoes - Shoes, women's shoes - Ballerinas",0.05146666666666667,0.021333333333333333,0.008533333333333334,0.16580310880829016,7.772020725388602,0.007435377777777778,1.1731842650103521
women's shoes - Shoes,"women's shoes - Fashion Sandals, women's shoes - Ballerinas",0.05333333333333334,0.0208,0.008533333333333334,0.16,7.6923076923076925,0.007424,1.1657142857142857
women's shoes - Ballerinas,"women's shoes - Fashion Sandals, women's shoes - Shoes",0.0536,0.020266666666666665,0.008533333333333334,0.15920398009950248,7.855459544383347,0.00744704,1.1652449704142012
"men's shoes - Sports Shoes, women's shoes - Ballerinas",women's shoes - Fashion Sandals,0.011733333333333333,0.05146666666666667,0.005866666666666667,0.5,9.71502590673575,0.005262791111111111,1.8970666666666667
"men's shoes - Sports Shoes, women's shoes - Fashion Sandals",women's shoes - Ballerinas,0.0104,0.0536,0.005866666666666667,0.5641025641025641,10.524301569077688,0.0053092266666666665,2.1711529411764707
"women's shoes - Fashion Sandals, women's shoes - Ballerinas",men's shoes - Sports Shoes,0.0208,0.05386666666666667,0.005866666666666667,0.28205128205128205,5.236100533130236,0.0047462400000000005,1.3178285714285716
men's shoes - Sports Shoes,"women's shoes - Fashion Sandals, women's shoes - Ballerinas",0.05386666666666667,0.0208,0.005866666666666667,0.10891089108910891,5.236100533130236,0.0047462400000000005,1.0988799999999999
women's shoes - Ballerinas,"men's shoes - Sports Shoes, women's shoes - Fashion Sandals",0.0536,0.0104,0.005866666666666667,0.10945273631840796,10.52430156907769,0.0053092266666666665,1.111226815642458
women's shoes - Fashion Sandals,"men's shoes - Sports Shoes, women's shoes - Ballerinas",0.05146666666666667,0.011733333333333333,0.005866666666666667,0.11398963730569948,9.715025906735752,0.005262791111111111,1.1154120857699805
"men's shoes - Casual Shoes, women's shoes - Fashion Sandals",women's shoes - Shoes,0.0104,0.05333333333333334,0.005066666666666666,0.48717948717948717,9.134615384615383,0.0045119999999999995,1.846
"men's shoes - Casual Shoes, women's shoes - Shoes",women's shoes - Fashion Sandals,0.012,0.05146666666666667,0.005066666666666666,0.42222222222222217,8.203799654576855,0.004449066666666666,1.6416923076923076
"women's shoes - Fashion Sandals, women's shoes - Shoes",men's shoes - Casual Shoes,0.020266666666666665,0.052533333333333335,0.005066666666666666,0.25,4.758883248730965,0.004001991111111111,1.263288888888889
men's shoes - Casual Shoes,"women's shoes - Fashion Sandals, women's shoes - Shoes",0.052533333333333335,0.020266666666666665,0.005066666666666666,0.09644670050761421,4.758883248730965,0.004001991111111111,1.0843116104868913
women's shoes - Fashion Sandals,"men's shoes - Casual Shoes, women's shoes - Shoes",0.05146666666666667,0.012,0.005066666666666666,0.09844559585492227,8.203799654576855,0.004449066666666666,1.0958850574712644
women's shoes - Shoes,"men's shoes - Casual Shoes, women's shoes - Fashion Sandals",0.05333333333333334,0.0104,0.005066666666666666,0.09499999999999999,9.134615384615383,0.0045119999999999995,1.0934806629834255
women's shoes - Ballerinas,women's clothing - Western Wear,0.0536,0.0424,0.009333333333333334,0.17412935323383086,4.1068243687224255,0.007060693333333334,1.1595036144578312
women's clothing - Western Wear,women's shoes - Ballerinas,0.0424,0.0536,0.009333333333333334,0.22012578616352202,4.1068243687224255,0.007060693333333334,1.2135290322580645
women's shoes - Shoes,women's clothing - Western Wear,0.05333333333333334,0.0424,0.008,0.15,3.5377358490566038,0.005738666666666666,1.1265882352941177
women's clothing - Western Wear,women's shoes - Shoes,0.0424,0.05333333333333334,0.008,0.18867924528301888,3.5377358490566038,0.005738666666666666,1.1668217054263565
women's shoes - Fashion Sandals,women's clothing - Western Wear,0.05146666666666667,0.0424,0.0072,0.13989637305699482,3.2994427607781796,0.005017813333333333,1.11335421686747
women's clothing - Western Wear,women's shoes - Fashion Sandals,0.0424,0.05146666666666667,0.0072,0.16981132075471697,3.2994427607781796,0.005017813333333333,1.142551515151515
women's clothing - Lingerie & Nightwear,women's clothing - Western Wear,0.044,0.0424,0.0136,0.3090909090909091,7.289879931389365,0.011734399999999999,1.386
women's clothing - Western Wear,women's clothing - Lingerie & Nightwear,0.0424,0.044,0.0136,0.32075471698113206,7.289879931389366,0.011734399999999999,1.4074444444444443
men's clothing - Jeans,women's clothing - Western Wear,0.04346666666666667,0.0424,0.006666666666666667,0.15337423312883436,3.617316819076282,0.00482368,1.1310782608695653
women's clothing - Western Wear,men's clothing - Jeans,0.0424,0.04346666666666667,0.006666666666666667,0.15723270440251574,3.6173168190762826,0.00482368,1.1349910447761193
men's clothing - Innerwear,women's clothing - Western Wear,0.04373333333333333,0.0424,0.0064,0.14634146341463417,3.4514496088357114,0.004545706666666667,1.12176
women's clothing - Western Wear,men's clothing - Innerwear,0.0424,0.04373333333333333,0.0064,0.1509433962264151,3.451449608835711,0.004545706666666667,1.1262696296296297
men's clothing - Shirts,women's clothing - Western Wear,0.04666666666666667,0.0424,0.007733333333333333,0.1657142857142857,3.9083557951482475,0.005754666666666667,1.1478082191780823
women's clothing - Western Wear,men's clothing - Shirts,0.0424,0.04666666666666667,0.007733333333333333,0.18238993710691823,3.9083557951482475,0.005754666666666667,1.166
women's clothing - Ethnic Wear,women's clothing - Western Wear,0.0408,0.0424,0.011466666666666667,0.28104575163398693,6.628437538537428,0.009736746666666667,1.3319345454545455
women's clothing - Western Wear,women's clothing - Ethnic Wear,0.0424,0.0408,0.011466666666666667,0.27044025157232704,6.628437538537427,0.009736746666666667,1.3147655172413792
women's shoes - Ballerinas,women's clothing - Ethnic Wear,0.0536,0.0408,0.0072,0.13432835820895522,3.2923617208077256,0.005013119999999999,1.1080413793103447
women's clothing - Ethnic Wear,women's shoes - Ballerinas,0.0408,0.0536,0.0072,0.1764705882352941,3.2923617208077256,0.005013119999999999,1.1492
women's clothing - Lingerie & Nightwear,women's clothing - Ethnic Wear,0.044,0.0408,0.011733333333333333,0.26666666666666666,6.5359477124183005,0.009938133333333333,1.308
women's clothing - Ethnic Wear,women's clothing - Lingerie & Nightwear,0.0408,0.044,0.011733333333333333,0.2875816993464052,6.5359477124183005,0.009938133333333333,1.341908256880734
women's shoes - Shoes,women's clothing - Ethnic Wear,0.05333333333333334,0.0408,0.008533333333333334,0.16,3.9215686274509802,0.006357333333333333,1.141904761904762
women's clothing - Ethnic Wear,women's shoes - Shoes,0.0408,0.05333333333333334,0.008533333333333334,0.20915032679738563,3.9215686274509802,0.006357333333333333,1.1970247933884297
women's shoes - Fashion Sandals,women's clothing - Ethnic Wear,0.05146666666666667,0.0408,0.007466666666666667,0.14507772020725387,3.555826475667987,0.005366826666666666,1.1219733333333333
women's clothing - Ethnic Wear,women's shoes - Fashion Sandals,0.0408,0.05146666666666667,0.007466666666666667,0.1830065359477124,3.555826475667987,0.005366826666666666,1.1610048
women's clothing - Clothing,women's clothing - Ethnic Wear,0.0416,0.0408,0.010933333333333333,0.26282051282051283,6.441679235796883,0.009236053333333332,1.301175652173913
women's clothing - Ethnic Wear,women's clothing - Clothing,0.0408,0.0416,0.010933333333333333,0.2679738562091503,6.441679235796883,0.009236053333333332,1.3092428571428572
men's clothing - Jeans,women's clothing - Ethnic Wear,0.04346666666666667,0.0408,0.007466666666666667,0.17177914110429449,4.210273066281728,0.005693226666666666,1.1581451851851852
women's clothing - Ethnic Wear,men's clothing - Jeans,0.0408,0.04346666666666667,0.007466666666666667,0.1830065359477124,4.210273066281727,0.005693226666666666,1.1707968
men's clothing - Innerwear,women's clothing - Ethnic Wear,0.04373333333333333,0.0408,0.0056,0.12804878048780488,3.13845050215208,0.00381568,1.1000615384615384
women's clothing - Ethnic Wear,men's clothing - Innerwear,0.0408,0.04373333333333333,0.0056,0.1372549019607843,3.13845050215208,0.00381568,1.1084
men's clothing - Shirts,women's clothing - Ethnic Wear,0.04666666666666667,0.0408,0.0056,0.12,2.941176470588235,0.0036959999999999996,1.09
women's clothing - Ethnic Wear,men's clothing - Shirts,0.0408,0.04666666666666667,0.0056,0.1372549019607843,2.9411764705882346,0.0036959999999999996,1.105
women's clothing - Ethnic Wear,men's clothing - T-shirts & Polos,0.0408,0.0424,0.006666666666666667,0.16339869281045752,3.8537427549636205,0.004936746666666667,1.14463125
men's clothing - T-shirts & Polos,women's clothing - Ethnic Wear,0.0424,0.0408,0.006666666666666667,0.15723270440251574,3.853742754963621,0.004936746666666667,1.138155223880597
women's shoes - Fashion Sandals,women's clothing - Lingerie & Nightwear,0.05146666666666667,0.044,0.008533333333333334,0.16580310880829016,3.7682524729156857,0.006268800000000001,1.1460124223602484
women's clothing - Lingerie & Nightwear,women's shoes - Fashion Sandals,0.044,0.05146666666666667,0.008533333333333334,0.19393939393939397,3.7682524729156857,0.006268800000000001,1.1767518796992482
women's shoes - Shoes,women's clothing - Lingerie & Nightwear,0.05333333333333334,0.044,0.008266666666666667,0.155,3.522727272727273,0.00592,1.131360946745562
women's clothing - Lingerie & Nightwear,women's shoes - Shoes,0.044,0.05333333333333334,0.008266666666666667,0.1878787878787879,3.522727272727273,0.00592,1.1656716417910447
women's shoes - Ballerinas,women's clothing - Lingerie & Nightwear,0.0536,0.044,0.007733333333333333,0.14427860696517414,3.2790592492085033,0.005374933333333333,1.117186046511628
women's clothing - Lingerie & Nightwear,women's shoes - Ballerinas,0.044,0.0536,0.007733333333333333,0.17575757575757578,3.2790592492085033,0.005374933333333333,1.1482058823529413
men's clothing - Shirts,women's clothing - Lingerie & Nightwear,0.04666666666666667,0.044,0.005866666666666667,0.12571428571428572,2.8571428571428577,0.0038133333333333335,1.0934640522875816
women's clothing - Lingerie & Nightwear,men's clothing - Shirts,0.044,0.04666666666666667,0.005866666666666667,0.13333333333333333,2.8571428571428568,0.0038133333333333335,1.1
women's clothing - Clothing,women's clothing - Lingerie & Nightwear,0.0416,0.044,0.014133333333333333,0.33974358974358976,7.721445221445222,0.012302933333333333,1.4479223300970874
women's clothing - Lingerie & Nightwear,women's clothing - Clothing,0.044,0.0416,0.014133333333333333,0.3212121212121212,7.721445221445222,0.012302933333333333,1.4119285714285716
women's clothing - Clothing,women's clothing - Western Wear,0.0416,0.0424,0.011466666666666667,0.27564102564102566,6.500967585873247,0.009702826666666668,1.3219964601769911
women's clothing - Western Wear,women's clothing - Clothing,0.0424,0.0416,0.011466666666666667,0.27044025157232704,6.500967585873246,0.009702826666666668,1.3136689655172413
women's shoes - Fashion Sandals,women's clothing - Clothing,0.05146666666666667,0.0416,0.008533333333333334,0.16580310880829016,3.9856516540454368,0.00639232,1.1488894409937889
women's clothing - Clothing,women's shoes - Fashion Sandals,0.0416,0.05146666666666667,0.008533333333333334,0.20512820512820515,3.9856516540454368,0.00639232,1.1933161290322583
women's shoes - Shoes,women's clothing - Clothing,0.05333333333333334,0.0416,0.0061333333333333335,0.11499999999999999,2.7644230769230766,0.003914666666666667,1.0829378531073446
women's clothing - Clothing,women's shoes - Shoes,0.0416,0.05333333333333334,0.0061333333333333335,0.14743589743589744,2.7644230769230766,0.003914666666666667,1.110375939849624
women's clothing - Clothing,women's shoes - Ballerinas,0.0416,0.0536,0.0072,0.17307692307692307,3.2290470723306544,0.00497024,1.1444837209302328
women's shoes - Ballerinas,women's clothing - Clothing,0.0536,0.0416,0.0072,0.13432835820895522,3.2290470723306544,0.00497024,1.1071172413793102
men's clothing - Shirts,women's clothing - Clothing,0.04666666666666667,0.0416,0.006666666666666667,0.14285714285714285,3.434065934065934,0.004725333333333334,1.1181333333333332
women's clothing - Clothing,men's clothing - Shirts,0.0416,0.04666666666666667,0.006666666666666667,0.16025641025641027,3.4340659340659343,0.004725333333333334,1.135267175572519
men's clothing - Jeans,women's clothing - Clothing,0.04346666666666667,0.0416,0.007466666666666667,0.17177914110429449,4.129306276545541,0.005658453333333333,1.1571792592592594
women's clothing - Clothing,men's clothing - Jeans,0.0416,0.04346666666666667,0.007466666666666667,0.1794871794871795,4.12930627654554,0.005658453333333333,1.165775
men's clothing - Innerwear,women's clothing - Clothing,0.04373333333333333,0.0416,0.0056,0.12804878048780488,3.078095684803002,0.0037806933333333335,1.099144055944056
women's clothing - Clothing,men's clothing - Innerwear,0.0416,0.04373333333333333,0.0056,0.1346153846153846,3.0780956848030017,0.0037806933333333335,1.1050192592592594
kids' fashion - Kids' Fashion,toys & baby products - Nursing & Feeding,0.0344,0.022133333333333335,0.0061333333333333335,0.17829457364341086,8.0554777248529,0.005371946666666667,1.190045283018868
toys & baby products - Nursing & Feeding,kids' fashion - Kids' Fashion,0.022133333333333335,0.0344,0.0061333333333333335,0.27710843373493976,8.0554777248529,0.005371946666666667,1.3357466666666666
toys & baby products - Nursing & Feeding,kids' fashion - Kids' Watches,0.022133333333333335,0.030933333333333334,0.0056,0.25301204819277107,8.179268799335272,0.004915342222222222,1.2972989247311828
kids' fashion - Kids' Watches,toys & baby products - Nursing & Feeding,0.030933333333333334,0.022133333333333335,0.0056,0.1810344827586207,8.179268799335272,0.004915342222222222,1.1940266666666666
kids' fashion - Kids' Fashion,toys & baby products - STEM Toys Store,0.0344,0.019733333333333332,0.005866666666666667,0.17054263565891473,8.642363293526085,0.00518784,1.1818168224299064
toys & baby products - STEM Toys Store,kids' fashion - Kids' Fashion,0.019733333333333332,0.0344,0.005866666666666667,0.2972972972972973,8.642363293526085,0.00518784,1.374123076923077
toys & baby products - STEM Toys Store,kids' fashion - Kids' Watches,0.019733333333333332,0.030933333333333334,0.005333333333333333,0.2702702702702703,8.737185461323392,0.004722915555555556,1.3279802469135802
kids' fashion - Kids' Watches,toys & baby products - STEM Toys Store,0.030933333333333334,0.019733333333333332,0.005333333333333333,0.17241379310344826,8.737185461323392,0.004722915555555556,1.184488888888889
kids' fashion - Kids' Fashion,toys & baby products - Toys Gifting Store,0.0344,0.019466666666666667,0.0056,0.16279069767441862,8.362535839439312,0.004930346666666667,1.1711925925925928
toys & baby products - Toys Gifting Store,kids' fashion - Kids' Fashion,0.019466666666666667,0.0344,0.0056,0.2876712328767123,8.362535839439312,0.004930346666666667,1.3555538461538463
toys & baby products - Toys Gifting Store,kids' fashion - Kids' Watches,0.019466666666666667,0.030933333333333334,0.0056,0.2876712328767123,9.29971658006613,0.004997831111111111,1.360420512820513
kids' fashion - Kids' Watches,toys & baby products - Toys Gifting Store,0.030933333333333334,0.019466666666666667,0.0056,0.1810344827586207,9.299716580066132,0.004997831111111111,1.1972828070175439
toys & baby products - Toys Gifting Store,kids' fashion - Kids' Clothing,0.019466666666666667,0.03333333333333333,0.005066666666666666,0.2602739726027397,7.808219178082191,0.004417777777777777,1.30679012345679
kids' fashion - Kids' Clothing,toys & baby products - Toys Gifting Store,0.03333333333333333,0.019466666666666667,0.005066666666666666,0.152,7.808219178082192,0.004417777777777777,1.1562893081761008
kids' fashion - Kids' Fashion,kids' fashion - Kids' Clothing,0.0344,0.03333333333333333,0.008533333333333334,0.248062015503876,7.44186046511628,0.007386666666666667,1.2855670103092784
kids' fashion - Kids' Clothing,kids' fashion - Kids' Fashion,0.03333333333333333,0.0344,0.008533333333333334,0.256,7.441860465116279,0.007386666666666667,1.2978494623655914
kids' fashion - Kids' Fashion,kids' fashion - Kids' Watches,0.0344,0.030933333333333334,0.007466666666666667,0.21705426356589147,7.016840417000802,0.00640256,1.237718811881188
kids' fashion - Kids' Watches,kids' fashion - Kids' Fashion,0.030933333333333334,0.0344,0.007466666666666667,0.24137931034482757,7.016840417000801,0.00640256,1.2728363636363638
kids' fashion - Kids' Watches,kids' fashion - Kids' Clothing,0.030933333333333334,0.03333333333333333,0.006666666666666667,0.21551724137931036,6.4655172413793105,0.005635555555555556,1.2322344322344323
kids' fashion - Kids' Clothing,kids' fashion - Kids' Watches,0.03333333333333333,0.030933333333333334,0.006666666666666667,0.2,6.4655172413793105,0.005635555555555556,1.2113333333333332
toys & baby products - Baby Products,kids' fashion - Baby Fashion,0.0208,0.027733333333333332,0.005866666666666667,0.28205128205128205,10.170118343195266,0.005289813333333333,1.3542285714285713
kids' fashion - Baby Fashion,toys & baby products - Baby Products,0.027733333333333332,0.0208,0.005866666666666667,0.21153846153846156,10.170118343195268,0.005289813333333333,1.2419121951219512
kids' fashion - Kids' Clothing,toys & baby products - Baby Products,0.03333333333333333,0.0208,0.0056,0.168,8.076923076923078,0.004906666666666667,1.176923076923077
toys & baby products - Baby Products,kids' fashion - Kids' Clothing,0.0208,0.03333333333333333,0.0056,0.2692307692307692,8.076923076923077,0.004906666666666667,1.3228070175438595
toys & baby products - Toys & Games,kids' fashion - School Bags,0.018933333333333333,0.0288,0.005066666666666666,0.2676056338028169,9.29186228482003,0.004521386666666667,1.3260615384615384
kids' fashion - School Bags,toys & baby products - Toys & Games,0.0288,0.018933333333333333,0.005066666666666666,0.17592592592592593,9.29186228482003,0.004521386666666667,1.1905078651685392
kids' fashion - Kids' Fashion,kids' fashion - Kids' Shoes,0.0344,0.026933333333333333,0.0056,0.16279069767441862,6.044209072069998,0.004673493333333333,1.1622740740740742
kids' fashion - Kids' Shoes,kids' fashion - Kids' Fashion,0.026933333333333333,0.0344,0.0056,0.2079207920792079,6.0442090720699975,0.004673493333333333,1.2190699999999999
kids' fashion - Kids' Shoes,kids' fashion - Baby Fashion,0.026933333333333333,0.027733333333333332,0.0056,0.2079207920792079,7.497143945163747,0.004853048888888889,1.2274866666666666
kids' fashion - Baby Fashion,kids' fashion - Kids' Shoes,0.027733333333333332,0.026933333333333333,0.0056,0.20192307692307693,7.497143945163748,0.004853048888888889,1.2192642570281123
kids' fashion - Kids' Shoes,kids' fashion - School Bags,0.026933333333333333,0.0288,0.006666666666666667,0.24752475247524755,8.594609460946096,0.005890986666666667,1.2906736842105262
kids' fashion - School Bags,kids' fashion - Kids' Shoes,0.0288,0.026933333333333333,0.006666666666666667,0.2314814814814815,8.594609460946096,0.005890986666666667,1.2661590361445783
kids' fashion - Kids' Shoes,kids' fashion - Kids' Clothing,0.026933333333333333,0.03333333333333333,0.006933333333333333,0.25742574257425743,7.722772277227723,0.006035555555555555,1.3017777777777777
kids' fashion - Kids' Clothing,kids' fashion - Kids' Shoes,0.03333333333333333,0.026933333333333333,0.006933333333333333,0.208,7.7227722772277225,0.006035555555555555,1.2286195286195285
kids' fashion - Baby Fashion,kids' fashion - School Bags,0.027733333333333332,0.0288,0.006666666666666667,0.24038461538461542,8.346688034188036,0.005867946666666667,1.2785417721518988
kids' fashion - School Bags,kids' fashion - Baby Fashion,0.0288,0.027733333333333332,0.006666666666666667,0.2314814814814815,8.346688034188036,0.005867946666666667,1.2651180722891566
kids' fashion - Kids' Watches,kids' fashion - Baby Fashion,0.030933333333333334,0.027733333333333332,0.005333333333333333,0.17241379310344826,6.2168435013262595,0.004475448888888889,1.1748222222222222
kids' fashion - Baby Fashion,kids' fashion - Kids' Watches,0.027733333333333332,0.030933333333333334,0.005333333333333333,0.19230769230769232,6.21684350132626,0.004475448888888889,1.1997968253968254
kids' fashion - Kids' Fashion,kids' fashion - School Bags,0.0344,0.0288,0.0064,0.18604651162790697,6.459948320413437,0.005409280000000001,1.1931885714285713
kids' fashion - School Bags,kids' fashion - Kids' Fashion,0.0288,0.0344,0.0064,0.22222222222222224,6.459948320413437,0.005409280000000001,1.2414857142857143
kids' fashion - Kids' Watches,kids' fashion - School Bags,0.030933333333333334,0.0288,0.0056,0.1810344827586207,6.2859195402298855,0.00470912,1.1858863157894737
kids' fashion - School Bags,kids' fashion - Kids' Watches,0.0288,0.030933333333333334,0.0056,0.19444444444444445,6.2859195402298855,0.00470912,1.2029793103448274
kids' fashion - Kids' Clothing,kids' fashion - School Bags,0.03333333333333333,0.0288,0.006933333333333333,0.208,7.222222222222222,0.005973333333333333,1.2262626262626262
kids' fashion - School Bags,kids' fashion - Kids' Clothing,0.0288,0.03333333333333333,0.006933333333333333,0.24074074074074073,7.222222222222222,0.005973333333333333,1.273170731707317
toys & baby products - Strollers & Prams,kids' fashion - Kids' Clothing,0.022933333333333333,0.03333333333333333,0.005066666666666666,0.2209302325581395,6.627906976744185,0.004302222222222222,1.2407960199004975
kids' fashion - Kids' Clothing,toys & baby products - Strollers & Prams,0.03333333333333333,0.022933333333333333,0.005066666666666666,0.152,6.627906976744186,0.004302222222222222,1.1522012578616352
kids' fashion - Kids' Fashion,toys & baby products - Strollers & Prams,0.0344,0.022933333333333333,0.005066666666666666,0.14728682170542634,6.422390481341265,0.004277759999999999,1.1458327272727273
toys & baby products - Strollers & Prams,kids' fashion - Kids' Fashion,0.022933333333333333,0.0344,0.005066666666666666,0.2209302325581395,6.422390481341265,0.004277759999999999,1.2394268656716416
kids' fashion - Kids' Clothing,toys & baby products - Diapers,0.03333333333333333,0.0224,0.005066666666666666,0.152,6.785714285714286,0.00432,1.1528301886792454
toys & baby products - Diapers,kids' fashion - Kids' Clothing,0.0224,0.03333333333333333,0.005066666666666666,0.2261904761904762,6.785714285714286,0.00432,1.2492307692307691
kids' fashion - Kids' Watches,toys & baby products - Diapers,0.030933333333333334,0.0224,0.0061333333333333335,0.19827586206896552,8.851600985221676,0.005440426666666667,1.2193720430107526
toys & baby products - Diapers,kids' fashion - Kids' Watches,0.0224,0.030933333333333334,0.0061333333333333335,0.27380952380952384,8.851600985221676,0.005440426666666667,1.3344524590163935
toys & baby products - Diapers,kids' fashion - Baby Fashion,0.0224,0.027733333333333332,0.005866666666666667,0.2619047619047619,9.44368131868132,0.0052454400000000005,1.3172645161290322
kids' fashion - Baby Fashion,toys & baby products - Diapers,0.027733333333333332,0.0224,0.005866666666666667,0.21153846153846156,9.44368131868132,0.0052454400000000005,1.2398829268292684
kids' fashion - Kids' Shoes,"toys & baby products - Baby Bath, Skin & Grooming",0.026933333333333333,0.02266666666666667,0.005066666666666666,0.18811881188118812,8.299359347699475,0.0044561777777777775,1.2037886178861787
"toys & baby products - Baby Bath, Skin & Grooming",kids' fashion - Kids' Shoes,0.02266666666666667,0.026933333333333333,0.005066666666666666,0.22352941176470587,8.299359347699475,0.0044561777777777775,1.2531919191919192
kids' fashion - Kids' Fashion,"toys & baby products - Baby Bath, Skin & Grooming",0.0344,0.02266666666666667,0.006933333333333333,0.20155038759689922,8.891928864569083,0.0061535999999999995,1.2240388349514564
"toys & baby products - Baby Bath, Skin & Grooming",kids' fashion - Kids' Fashion,0.02266666666666667,0.0344,0.006933333333333333,0.30588235294117644,8.891928864569083,0.0061535999999999995,1.3911186440677967
"tv, audio & cameras - Camera Accessories","tv, audio & cameras - Security Cameras",0.022933333333333333,0.023466666666666667,0.005066666666666666,0.2209302325581395,9.414640591966172,0.004528497777777777,1.2534606965174129
"tv, audio & cameras - Security Cameras","tv, audio & cameras - Camera Accessories",0.023466666666666667,0.022933333333333333,0.005066666666666666,0.21590909090909088,9.414640591966172,0.004528497777777777,1.2461140096618355
"tv, audio & cameras - Camera Accessories","tv, audio & cameras - Headphones",0.022933333333333333,0.026133333333333335,0.005066666666666666,0.2209302325581395,8.453962980541052,0.0044673422222222215,1.2500378109452734
"tv, audio & cameras - Headphones","tv, audio & cameras - Camera Accessories",0.026133333333333335,0.022933333333333333,0.005066666666666666,0.19387755102040813,8.453962980541052,0.0044673422222222215,1.2120573839662447
"tv, audio & cameras - Home Entertainment Systems","tv, audio & cameras - Camera Accessories",0.025066666666666668,0.022933333333333333,0.005066666666666666,0.20212765957446807,8.81370608609599,0.004491804444444444,1.2245902222222222
"tv, audio & cameras - Camera Accessories","tv, audio & cameras - Home Entertainment Systems",0.022933333333333333,0.025066666666666668,0.005066666666666666,0.2209302325581395,8.81370608609599,0.004491804444444444,1.2514069651741293
"tv, audio & cameras - Home Entertainment Systems","tv, audio & cameras - Speakers",0.025066666666666668,0.02266666666666667,0.005066666666666666,0.20212765957446807,8.917396745932415,0.004498488888888889,1.2249244444444445
"tv, audio & cameras - Speakers","tv, audio & cameras - Home Entertainment Systems",0.02266666666666667,0.025066666666666668,0.005066666666666666,0.22352941176470587,8.917396745932415,0.004498488888888889,1.2555959595959596
"tv, audio & cameras - Headphones","tv, audio & cameras - Cameras",0.026133333333333335,0.0208,0.005066666666666666,0.19387755102040813,9.321036106750391,0.004523093333333333,1.2147037974683543
"tv, audio & cameras - Cameras","tv, audio & cameras - Headphones",0.0208,0.026133333333333335,0.005066666666666666,0.24358974358974358,9.321036106750391,0.004523093333333333,1.2874847457627119
home & kitchen - Furniture,"tv, audio & cameras - Home Audio & Theater",0.04106666666666667,0.02666666666666667,0.005866666666666667,0.14285714285714285,5.357142857142857,0.004771555555555556,1.1355555555555554
"tv, audio & cameras - Home Audio & Theater",home & kitchen - Furniture,0.02666666666666667,0.04106666666666667,0.005866666666666667,0.22,5.357142857142857,0.004771555555555556,1.2294017094017093
home & kitchen - Bedroom Linen,"tv, audio & cameras - Home Audio & Theater",0.037333333333333336,0.02666666666666667,0.005066666666666666,0.1357142857142857,5.0892857142857135,0.00407111111111111,1.1261707988980716
"tv, audio & cameras - Home Audio & Theater",home & kitchen - Bedroom Linen,0.02666666666666667,0.037333333333333336,0.005066666666666666,0.18999999999999997,5.0892857142857135,0.00407111111111111,1.188477366255144
home & kitchen - Sewing & Craft Supplies,"tv, audio & cameras - Home Audio & Theater",0.031733333333333336,0.02666666666666667,0.005333333333333333,0.1680672268907563,6.30252100840336,0.004487111111111111,1.1699663299663299
"tv, audio & cameras - Home Audio & Theater",home & kitchen - Sewing & Craft Supplies,0.02666666666666667,0.031733333333333336,0.005333333333333333,0.19999999999999998,6.30252100840336,0.004487111111111111,1.2103333333333333
