user_id,interests
1,"[14, 4, 9, 0]"
2,[5]
3,"[12, 11, 6]"
4,"[5, 15, 17]"
5,[15]
6,"[6, 9, 5, 1]"
7,[1]
8,"[2, 0, 18, 11]"
9,"[1, 3]"
10,"[18, 14, 7, 17, 6]"
11,"[14, 0, 7]"
12,[5]
13,"[18, 0, 3, 13, 15]"
14,"[11, 2, 4]"
15,"[9, 11]"
16,"[17, 12, 16]"
17,"[3, 6, 2, 17, 0]"
18,"[18, 19, 12, 3, 11]"
19,"[13, 7, 4]"
20,"[6, 2, 10, 12]"
21,"[7, 11, 13, 9, 8]"
22,"[10, 8, 4, 16]"
23,[14]
24,"[12, 17]"
25,"[7, 16, 10, 19]"
26,"[8, 16, 7]"
27,"[13, 11, 5]"
28,"[2, 13, 9]"
29,[1]
30,"[2, 6, 11, 16, 0]"
31,"[15, 11]"
32,[19]
33,"[6, 2, 7, 9]"
34,[2]
35,"[18, 16]"
36,[13]
37,[0]
38,"[13, 2, 12, 11]"
39,"[8, 18, 1, 5, 3]"
40,"[19, 0, 9, 15]"
41,[14]
42,"[14, 2, 9, 18, 12]"
43,"[14, 17]"
44,"[3, 19, 9]"
45,"[10, 6, 14, 19]"
46,"[7, 0]"
47,"[16, 13, 8, 15]"
48,"[10, 16, 1, 5]"
49,"[12, 16, 11, 7, 17]"
50,"[12, 7, 10]"
51,[7]
52,"[0, 6, 18, 4]"
53,"[0, 19]"
54,"[9, 5, 0, 15]"
55,[7]
56,"[4, 17, 1, 5]"
57,"[6, 2, 14]"
58,"[17, 8]"
59,"[4, 15, 1]"
60,"[16, 9, 13]"
61,"[6, 12]"
62,"[11, 4, 2, 15, 3]"
63,"[16, 7, 6, 8, 13]"
64,"[8, 11, 13, 19]"
65,"[4, 8, 9]"
66,[2]
67,"[1, 18, 17, 14]"
68,"[8, 18, 15, 1, 13]"
69,"[7, 18, 11]"
70,"[12, 14, 19, 17, 8]"
71,"[15, 3, 9]"
72,"[19, 10, 14]"
73,"[8, 15, 13, 16]"
74,[4]
75,"[8, 5, 16, 10]"
76,[13]
77,"[13, 12, 9]"
78,"[11, 7]"
79,"[2, 19, 3]"
80,"[1, 14, 12]"
81,"[15, 12, 1, 6, 16]"
82,"[18, 9]"
83,[5]
84,"[15, 11, 8, 14, 19]"
85,"[16, 0, 17, 5, 14]"
86,"[11, 6, 18, 13, 2]"
87,"[5, 11, 0, 1, 18]"
88,"[13, 3]"
89,"[5, 3, 16, 12, 13]"
90,"[19, 13, 16, 9]"
91,"[0, 17, 7]"
92,"[10, 16]"
93,"[17, 10, 15, 14]"
94,"[9, 7]"
95,"[15, 3, 8]"
96,[15]
97,[5]
98,"[16, 17, 3]"
99,"[18, 9, 16, 12, 13]"
100,"[17, 15, 10]"
101,"[12, 10, 7, 5, 16]"
102,[8]
103,"[0, 1, 10, 14, 12]"
104,"[10, 11, 19, 3, 17]"
105,"[2, 15, 14, 13, 1]"
106,"[17, 6, 11, 4, 3]"
107,[0]
108,"[7, 6]"
109,"[11, 4, 12, 9, 6]"
110,[5]
111,[2]
112,[6]
113,"[1, 4, 16]"
114,"[7, 2, 15, 14, 19]"
115,"[11, 18, 1, 7]"
116,"[11, 15, 2, 3, 5]"
117,"[11, 10, 2]"
118,"[5, 18, 7, 19, 9]"
119,"[10, 1, 12]"
120,"[6, 3, 7]"
121,"[8, 16, 10]"
122,"[18, 10]"
123,"[7, 6, 10, 13, 16]"
124,[8]
125,[5]
126,[13]
127,[16]
128,"[2, 11]"
129,"[9, 16, 13, 6]"
130,"[16, 15, 18, 3]"
131,"[17, 7]"
132,"[9, 10, 2, 3]"
133,"[7, 13]"
134,"[15, 17, 4]"
135,"[5, 6, 0]"
136,"[16, 5]"
137,"[5, 15, 0, 8]"
138,"[3, 5, 15]"
139,"[17, 5, 0, 2]"
140,"[18, 2, 0, 7, 19]"
141,"[12, 17, 18, 16, 9]"
142,"[5, 18, 15]"
143,"[19, 8]"
144,"[2, 17, 16]"
145,"[15, 2, 19, 12]"
146,"[0, 3, 18]"
147,"[4, 19]"
148,"[0, 11, 1]"
149,"[1, 4, 9, 11, 16]"
150,"[0, 19, 3]"
151,"[13, 14, 17, 5, 3]"
152,[4]
153,"[16, 0, 5, 7]"
154,"[9, 15, 7]"
155,[13]
156,"[11, 9]"
157,"[13, 0, 19, 7, 12]"
158,"[14, 10, 16]"
159,"[5, 13, 11, 16]"
160,"[10, 19, 7]"
161,[3]
162,"[1, 19, 14]"
163,"[10, 13, 9, 19]"
164,"[9, 4, 3]"
165,[2]
166,"[15, 12, 6, 2]"
167,"[3, 4, 1]"
168,[10]
169,"[10, 1, 9]"
170,"[10, 17, 4]"
171,"[14, 5, 7, 19, 9]"
172,"[8, 0, 15]"
173,[2]
174,[7]
175,"[13, 5, 8, 3]"
176,[2]
177,"[7, 1, 19, 9, 0]"
178,[6]
179,"[13, 12, 11, 5]"
180,"[2, 7, 9]"
181,"[9, 18]"
182,[12]
183,"[18, 4, 10, 11, 16]"
184,"[5, 1, 7]"
185,"[0, 14, 15, 3]"
186,"[9, 1]"
187,"[3, 8, 19]"
188,"[11, 2, 4, 7]"
189,"[10, 13]"
190,"[8, 10, 19, 15]"
191,"[10, 17]"
192,"[0, 10, 1, 18]"
193,"[3, 4, 1, 18, 7]"
194,"[11, 10]"
195,"[14, 15, 13]"
196,"[0, 8, 9, 14, 18]"
197,"[13, 14, 8, 2]"
198,"[15, 3, 17]"
199,"[13, 11, 18]"
200,"[8, 15, 5, 17, 14]"
201,"[1, 10, 14, 9, 18]"
202,[7]
203,[1]
204,"[1, 15, 8, 16]"
205,"[5, 3]"
206,"[6, 9, 18, 14]"
207,"[14, 10]"
208,"[4, 0]"
209,"[11, 13, 3]"
210,[8]
211,"[14, 16, 18, 3]"
212,"[5, 3, 2, 1]"
213,[7]
214,"[1, 3, 16, 4]"
215,"[14, 6, 2, 1]"
216,"[7, 8]"
217,"[7, 5]"
218,"[2, 13, 7]"
219,"[16, 2, 8, 19]"
220,"[11, 19, 17]"
221,"[19, 18, 9, 12]"
222,"[13, 5]"
223,"[10, 2, 17]"
224,"[8, 5, 1, 3]"
225,"[17, 16, 6, 9]"
226,"[5, 11, 6, 15, 17]"
227,"[10, 1]"
228,"[5, 16, 15, 18]"
229,"[2, 7]"
230,"[18, 10, 1]"
231,[12]
232,"[7, 5, 14, 2, 9]"
233,"[19, 3]"
234,"[9, 5, 11, 6]"
235,"[4, 5, 16, 7, 18]"
236,"[16, 12, 0]"
237,"[9, 19]"
238,[2]
239,[3]
240,[12]
241,"[10, 16, 2, 0, 14]"
242,[15]
243,[9]
244,"[16, 4, 10]"
245,"[12, 5, 1, 7, 0]"
246,"[19, 1, 18, 10, 0]"
247,"[18, 0, 17]"
248,"[18, 16, 15, 0]"
249,"[2, 9, 14, 13]"
250,"[10, 0, 7]"
251,[13]
252,[0]
253,"[8, 3, 18, 15, 16]"
254,"[19, 5, 7, 18]"
255,"[6, 3, 16]"
256,"[9, 17, 12, 5, 7]"
257,"[6, 8, 18]"
258,[12]
259,"[8, 3, 4]"
260,"[19, 3, 6]"
261,"[7, 15, 9]"
262,"[14, 5]"
263,"[12, 15, 9]"
264,"[8, 16, 9, 5, 17]"
265,"[7, 13]"
266,"[5, 10, 12]"
267,"[5, 18]"
268,"[16, 8, 3, 12, 19]"
269,"[15, 8, 5]"
270,"[4, 8, 1, 5, 7]"
271,"[0, 8, 9, 4, 5]"
272,[6]
273,"[1, 18, 8]"
274,[19]
275,"[1, 6, 0, 10, 7]"
276,"[9, 6, 2, 13]"
277,"[14, 19, 13]"
278,"[3, 17]"
279,"[4, 15, 10, 12]"
280,"[12, 15]"
281,[6]
282,"[9, 19, 18]"
283,"[10, 6, 1, 19, 17]"
284,"[11, 3, 15, 9, 14]"
285,"[15, 18]"
286,"[12, 17, 5, 18]"
287,"[9, 12, 5]"
288,[4]
289,"[18, 8, 12, 11]"
290,"[12, 8, 3]"
291,"[18, 14, 17, 12, 10]"
292,"[5, 9, 4]"
293,"[3, 17, 18]"
294,"[9, 7, 2, 15, 18]"
295,"[13, 11, 19, 14, 15]"
296,[8]
297,"[13, 7, 0, 9, 18]"
298,"[1, 15, 16, 11]"
299,"[4, 14, 0, 13]"
300,"[14, 9, 17, 8]"
301,"[7, 3]"
302,"[8, 12, 13, 0, 14]"
303,[15]
304,[1]
305,"[9, 5, 6, 16]"
306,"[18, 2]"
307,"[19, 3, 2, 16]"
308,"[5, 11, 15, 2, 9]"
309,"[15, 3, 9]"
310,"[3, 10]"
311,[0]
312,"[16, 6]"
313,"[8, 5, 9, 2, 18]"
314,"[13, 8, 11, 4, 0]"
315,"[7, 6, 13, 18]"
316,"[6, 2, 19]"
317,"[7, 19]"
318,"[18, 14, 7, 2, 5]"
319,"[16, 18]"
320,"[3, 15, 14, 1]"
321,[3]
322,[2]
323,"[6, 9]"
324,"[14, 1, 15, 9]"
325,"[2, 9, 0]"
326,"[19, 3, 15, 16]"
327,"[17, 1, 19]"
328,"[16, 13, 10]"
329,"[13, 17, 5]"
330,"[6, 7]"
331,"[18, 9, 2]"
332,"[10, 13, 2, 19]"
333,[13]
334,"[12, 10, 1, 4]"
335,[14]
336,"[12, 15, 10]"
337,"[16, 9, 10, 1, 0]"
338,"[5, 2, 16]"
339,"[6, 5, 19]"
340,"[14, 13]"
341,"[13, 3, 14, 15]"
342,"[13, 9, 6]"
343,"[15, 17]"
344,"[13, 11]"
345,"[9, 6]"
346,"[9, 10, 12, 0, 14]"
347,"[4, 7]"
348,"[14, 8, 16, 13, 12]"
349,"[4, 1, 0]"
350,"[4, 16, 9, 0]"
351,"[5, 16]"
352,"[12, 14, 5, 10, 19]"
353,[17]
354,"[4, 9, 15, 17]"
355,"[12, 19]"
356,"[7, 12, 18, 10]"
357,[18]
358,"[8, 10, 15, 14]"
359,"[8, 12, 16, 2, 19]"
360,"[16, 9, 18, 15]"
361,"[0, 10, 2, 12, 19]"
362,"[19, 8, 7]"
363,"[4, 11]"
364,[16]
365,"[1, 18, 17]"
366,"[3, 6]"
367,"[15, 4, 14, 17, 11]"
368,"[7, 18, 8]"
369,"[8, 14, 5]"
370,"[4, 0, 13]"
371,"[1, 19, 17, 10]"
372,"[13, 4]"
373,"[6, 10, 12, 14, 2]"
374,[0]
375,"[2, 19, 3, 11]"
376,"[3, 2, 5]"
377,"[10, 0, 14, 7]"
378,"[18, 3, 12, 15, 9]"
379,"[4, 3, 1, 18]"
380,"[7, 14, 6, 11]"
381,"[18, 4, 12, 3, 1]"
382,"[10, 0, 9, 15, 7]"
383,"[12, 1, 15, 2]"
384,"[18, 14, 11]"
385,"[17, 6]"
386,"[10, 7, 17]"
387,"[18, 13, 0, 12, 1]"
388,"[1, 6, 2, 0]"
389,"[5, 8, 1, 13, 7]"
390,"[5, 4, 13]"
391,"[4, 17, 0, 7]"
392,"[0, 15]"
393,"[3, 17, 6]"
394,"[4, 5]"
395,"[6, 13, 8, 7]"
396,"[5, 9, 0]"
397,"[19, 6, 0]"
398,[15]
399,"[1, 4, 18, 3, 19]"
400,"[14, 0]"
401,[3]
402,"[19, 11, 18]"
403,"[0, 6, 7, 11]"
404,"[15, 8, 13, 11, 5]"
405,"[19, 9, 12]"
406,"[2, 0, 9, 18]"
407,"[17, 2, 10, 7, 3]"
408,"[2, 18, 9]"
409,"[5, 12]"
410,[18]
411,[1]
412,"[8, 13, 19, 18, 7]"
413,"[11, 3]"
414,"[14, 19, 1]"
415,"[1, 5, 9]"
416,"[19, 1, 15, 0, 14]"
417,"[2, 17, 4, 13, 16]"
418,"[11, 18, 12]"
419,"[19, 14, 18, 17, 7]"
420,"[19, 16, 8, 13]"
421,"[7, 18, 4, 2]"
422,"[17, 13, 9, 7]"
423,"[6, 3, 18, 14, 17]"
424,"[10, 12]"
425,"[17, 8, 14, 10]"
426,"[14, 1, 16, 2, 19]"
427,"[1, 15, 19, 10]"
428,"[9, 1, 19, 5, 15]"
429,"[0, 16, 15, 17, 1]"
430,"[15, 10, 13]"
431,"[3, 15, 17]"
432,[11]
433,[11]
434,"[2, 9, 8, 13]"
435,"[6, 10]"
436,"[17, 7]"
437,"[5, 16, 6, 19, 14]"
438,"[19, 18, 8]"
439,"[3, 17, 5, 8, 1]"
440,"[0, 15]"
441,[9]
442,"[9, 10, 16]"
443,"[0, 2, 6, 16]"
444,"[10, 8, 6, 18]"
445,"[4, 11, 0, 8]"
446,"[5, 10, 11, 14]"
447,"[13, 15, 1, 8]"
448,"[14, 10]"
449,"[14, 3, 12, 7, 1]"
450,"[8, 12, 0]"
451,[5]
452,"[9, 15]"
453,"[4, 7]"
454,"[5, 16]"
455,"[15, 13, 14, 8, 6]"
456,"[12, 17, 3, 18, 2]"
457,"[13, 11, 8, 12, 4]"
458,[16]
459,[1]
460,"[10, 9, 5, 14, 2]"
461,"[15, 14, 1, 12, 10]"
462,"[3, 0]"
463,"[15, 2, 12]"
464,"[4, 3, 15]"
465,[14]
466,"[5, 17, 3, 6, 7]"
467,"[10, 14, 2, 16]"
468,"[6, 4, 15, 10]"
469,"[7, 13, 17, 2, 16]"
470,"[12, 3, 5, 2, 6]"
471,"[7, 11, 3, 13, 9]"
472,"[4, 10, 3, 17]"
473,"[9, 10, 17, 8, 4]"
474,"[17, 11]"
475,"[8, 11, 4, 17]"
476,"[1, 18]"
477,"[5, 9, 18, 12, 10]"
478,"[3, 19, 16, 5, 13]"
479,"[2, 12]"
480,[11]
481,[19]
482,"[0, 9, 15, 4]"
483,"[19, 1, 14, 0]"
484,"[19, 11, 18, 5, 13]"
485,"[7, 18]"
486,"[5, 3, 17, 12, 15]"
487,[17]
488,"[15, 9, 19]"
489,"[15, 5]"
490,"[0, 2, 12, 11, 14]"
491,"[2, 9, 10]"
492,"[15, 11, 8, 7, 16]"
493,[12]
494,[19]
495,"[10, 5, 17, 11]"
496,[16]
497,"[19, 15, 4, 17]"
498,"[9, 7]"
499,"[18, 16, 0, 13, 9]"
500,"[17, 3]"
501,"[4, 5, 6]"
502,"[5, 11, 9, 15]"
503,[16]
504,"[9, 14]"
505,"[17, 15, 1]"
506,"[12, 16, 9, 18]"
507,"[3, 17, 12, 19, 1]"
508,[12]
509,"[4, 12, 0]"
510,"[2, 5, 0, 6]"
511,"[19, 10, 14]"
512,"[1, 16, 3, 11, 8]"
513,"[0, 1, 13]"
514,"[7, 0, 3, 5]"
515,"[1, 12, 16, 0, 7]"
516,"[15, 14, 7, 5]"
517,[7]
518,[13]
519,[1]
520,"[13, 8, 4, 14, 16]"
521,"[15, 5, 8, 11]"
522,"[10, 8, 9]"
523,"[17, 10, 7, 19]"
524,"[15, 17, 2, 9]"
525,"[12, 11]"
526,"[19, 3]"
527,"[2, 7, 14, 1]"
528,"[7, 15, 12]"
529,"[18, 19]"
530,[10]
531,"[10, 17, 9, 16]"
532,[4]
533,"[15, 18, 17]"
534,"[3, 10, 13]"
535,"[14, 17, 15]"
536,[11]
537,"[2, 8, 11]"
538,"[11, 1, 10]"
539,"[5, 19, 6, 0, 11]"
540,"[18, 8, 17, 0]"
541,"[9, 4, 19]"
542,"[8, 14, 10, 11, 2]"
543,[14]
544,"[19, 5, 17, 8]"
545,[2]
546,[17]
547,"[1, 5, 13, 3, 2]"
548,[2]
549,[15]
550,"[11, 12, 8, 7, 0]"
551,"[8, 19, 9]"
552,"[10, 17]"
553,"[11, 17, 18, 1]"
554,[9]
555,"[16, 9, 3, 10, 8]"
556,[3]
557,"[14, 2, 5]"
558,"[6, 16, 4, 7]"
559,[10]
560,"[2, 14, 1, 10]"
561,"[19, 14, 8]"
562,"[6, 0]"
563,"[6, 15]"
564,"[17, 2]"
565,[13]
566,"[12, 16]"
567,[19]
568,"[13, 7]"
569,[13]
570,"[9, 10, 13, 18]"
571,"[5, 13, 15, 19]"
572,"[8, 0, 14, 7, 11]"
573,"[0, 5, 17]"
574,"[7, 4, 9, 16]"
575,[18]
576,[18]
577,"[13, 3]"
578,[19]
579,"[0, 11, 15, 9]"
580,"[18, 0, 3, 1, 16]"
581,"[14, 15, 0, 10, 5]"
582,[10]
583,"[7, 2, 5, 17]"
584,[13]
585,"[9, 1]"
586,[3]
587,[9]
588,"[14, 4]"
589,"[6, 16, 9, 13]"
590,"[0, 10, 13, 9]"
591,[1]
592,"[1, 4, 8, 9]"
593,"[2, 19, 9]"
594,[8]
595,[16]
596,"[10, 2, 5, 7, 6]"
597,"[2, 0, 17, 6]"
598,[6]
599,"[7, 12, 15]"
600,"[9, 3, 17]"
601,"[5, 14, 15, 9]"
602,"[0, 10]"
603,"[17, 6, 11, 0]"
604,"[7, 5, 3, 16]"
605,"[1, 17, 3, 8]"
606,"[18, 10, 2, 11]"
607,"[1, 6, 18, 19, 17]"
608,[12]
609,"[19, 14]"
610,"[2, 17, 0]"
611,"[0, 17]"
612,"[4, 18, 6, 14]"
613,"[18, 2]"
614,"[19, 6]"
615,"[3, 6]"
616,"[19, 4]"
617,"[3, 7, 9, 17]"
618,"[7, 3]"
619,"[4, 14, 17]"
620,"[10, 4]"
621,"[16, 15, 10, 14, 0]"
622,"[3, 10, 0, 8, 7]"
623,"[4, 9, 18, 12]"
624,"[15, 10, 9]"
625,[4]
626,"[2, 13, 16, 0, 5]"
627,"[7, 3, 9, 8]"
628,[14]
629,[16]
630,"[18, 8, 6, 7, 4]"
631,"[4, 15, 19, 3, 11]"
632,[1]
633,"[1, 0, 9, 4, 3]"
634,[1]
635,"[12, 17, 3, 0, 19]"
636,"[6, 0, 17, 15]"
637,"[10, 7, 19, 17]"
638,"[4, 8, 9, 1, 15]"
639,"[4, 8, 1, 15, 13]"
640,"[11, 16, 4, 17, 13]"
641,[11]
642,"[16, 6, 9, 14]"
643,"[0, 10, 9, 2, 19]"
644,"[10, 13, 18]"
645,"[14, 7, 4, 18, 5]"
646,"[13, 6, 14, 1, 17]"
647,[2]
648,[8]
649,[14]
650,"[16, 2, 4, 8, 9]"
651,[7]
652,"[15, 12, 10, 5, 4]"
653,"[6, 14, 13, 7, 4]"
654,[14]
655,"[5, 16, 6, 13]"
656,"[14, 8, 6, 3]"
657,"[9, 10, 1, 14]"
658,"[11, 0, 4, 12, 18]"
659,[3]
660,"[3, 7, 17, 0]"
661,"[5, 19, 13]"
662,"[16, 1, 5, 12, 11]"
663,"[10, 4]"
664,"[8, 10, 17, 1, 11]"
665,"[16, 17, 0, 12]"
666,"[12, 10, 1, 2]"
667,"[2, 8, 13]"
668,"[11, 6, 15, 9, 7]"
669,"[10, 12]"
670,"[17, 12, 19]"
671,[3]
672,"[18, 11]"
673,[5]
674,"[14, 16]"
675,"[6, 4, 13, 7]"
676,"[1, 2, 8, 10, 4]"
677,"[1, 17, 11, 5]"
678,[8]
679,"[19, 16, 9]"
680,"[12, 3]"
681,[0]
682,"[18, 10]"
683,"[8, 7]"
684,"[15, 0, 16]"
685,"[7, 9, 1, 2]"
686,"[11, 0, 19]"
687,[0]
688,"[6, 10, 14]"
689,"[13, 16]"
690,"[0, 18, 11]"
691,"[7, 19]"
692,[14]
693,"[19, 14, 7, 10, 0]"
694,"[8, 13]"
695,"[2, 18]"
696,"[19, 5, 11, 9]"
697,[18]
698,[16]
699,"[6, 19, 11, 16]"
700,"[6, 11]"
701,"[14, 17, 6]"
702,"[13, 9, 7, 6]"
703,"[1, 9, 2]"
704,[11]
705,"[17, 14]"
706,"[16, 19, 14, 5, 17]"
707,"[3, 13, 12, 2, 14]"
708,"[16, 12, 7, 11, 10]"
709,"[9, 3, 10, 8, 13]"
710,"[18, 8, 14]"
711,[5]
712,"[11, 0, 16, 2]"
713,"[0, 13, 12, 9]"
714,"[15, 7, 19, 0, 9]"
715,[11]
716,"[7, 10]"
717,"[3, 5, 4, 16]"
718,[17]
719,[1]
720,"[7, 10]"
721,"[6, 10, 9]"
722,"[2, 10, 8, 15, 3]"
723,"[17, 0, 12, 8]"
724,"[7, 14, 4, 19, 9]"
725,"[9, 19]"
726,"[7, 6, 5, 17, 13]"
727,"[10, 2]"
728,[0]
729,"[4, 5, 15, 8]"
730,"[2, 18]"
731,"[4, 6, 11, 2]"
732,[7]
733,"[15, 12, 16, 5, 13]"
734,"[6, 0, 15, 8]"
735,"[16, 10, 0]"
736,"[3, 1, 9]"
737,"[16, 0, 12, 11]"
738,"[12, 14]"
739,[9]
740,"[16, 3, 18, 6, 1]"
741,"[4, 17]"
742,"[12, 0, 9, 7, 5]"
743,"[3, 16]"
744,"[13, 10, 0, 17, 1]"
745,"[15, 9, 13, 3, 14]"
746,"[10, 3, 16, 18]"
747,"[14, 10, 17]"
748,[8]
749,"[1, 10]"
750,[0]
751,"[19, 17]"
752,"[18, 1, 7]"
753,"[5, 18, 19]"
754,"[4, 3, 18, 13, 17]"
755,"[15, 2, 12, 11, 3]"
756,"[2, 15, 9]"
757,"[0, 19, 9, 13]"
758,"[8, 17, 7, 19]"
759,"[18, 11, 0, 1]"
760,"[11, 6, 9, 3]"
761,"[10, 14, 18]"
762,[16]
763,[17]
764,"[11, 5, 12, 18]"
765,"[10, 8, 18]"
766,"[2, 15, 11, 3, 12]"
767,[0]
768,"[8, 1]"
769,"[2, 17, 7]"
770,"[6, 10, 5, 9, 1]"
771,"[2, 9, 12, 15, 10]"
772,[14]
773,"[18, 4, 8, 12, 16]"
774,"[2, 15, 1, 12, 19]"
775,"[9, 7, 5]"
776,"[18, 1, 3]"
777,"[18, 4, 13]"
778,"[11, 15]"
779,"[16, 18, 7, 6, 14]"
780,"[5, 10, 15, 13]"
781,"[7, 18, 3, 1, 14]"
782,"[5, 17]"
783,"[8, 7, 16, 17]"
784,[1]
785,"[10, 6, 14, 18]"
786,"[4, 3, 6, 10]"
787,"[11, 16, 7, 4]"
788,"[10, 19]"
789,"[16, 19]"
790,"[15, 13]"
791,"[17, 0, 4]"
792,[5]
793,"[3, 19, 10, 18, 16]"
794,[6]
795,[13]
796,"[11, 16]"
797,[9]
798,"[16, 7, 5, 3]"
799,"[14, 7, 1, 8]"
800,"[3, 18, 5, 19, 13]"
801,"[3, 15, 5, 13]"
802,"[18, 7, 17, 4, 15]"
803,"[12, 19, 17]"
804,"[7, 8, 6, 15]"
805,"[1, 0, 7, 19, 15]"
806,"[4, 15, 18, 19, 7]"
807,"[11, 9]"
808,[13]
809,"[19, 9, 18, 16]"
810,[19]
811,"[9, 19]"
812,"[16, 18, 2, 11, 13]"
813,"[14, 17, 15]"
814,"[19, 14, 10, 7]"
815,"[12, 7, 5]"
816,"[2, 16]"
817,"[7, 15, 18, 8, 12]"
818,"[1, 4, 19, 16]"
819,"[16, 19, 12, 10, 8]"
820,"[8, 3]"
821,[6]
822,"[5, 17, 0]"
823,[17]
824,"[14, 12, 16]"
825,"[15, 2, 19, 9, 18]"
826,[16]
827,"[10, 5, 4, 19, 13]"
828,[16]
829,[12]
830,"[11, 6]"
831,"[8, 12, 11, 16, 19]"
832,"[17, 6, 8, 5, 2]"
833,"[4, 0, 1, 10]"
834,"[5, 15, 12]"
835,"[17, 9]"
836,[7]
837,[2]
838,"[14, 6, 2]"
839,[8]
840,"[19, 15, 8]"
841,"[14, 9]"
842,[9]
843,"[15, 5, 4, 18, 12]"
844,"[9, 16, 4]"
845,[1]
846,"[14, 8, 2]"
847,"[14, 18]"
848,"[10, 12]"
849,[17]
850,"[6, 4]"
851,"[8, 1]"
852,[16]
853,"[11, 6, 2, 3]"
854,"[1, 0]"
855,"[17, 7]"
856,[3]
857,[3]
858,"[11, 4, 14, 18]"
859,"[4, 9, 6, 10]"
860,[1]
861,"[13, 18, 4]"
862,"[9, 8, 17]"
863,[14]
864,"[7, 13, 5]"
865,"[5, 14, 17, 10]"
866,"[5, 4, 8]"
867,"[2, 19]"
868,"[17, 6, 4, 10, 1]"
869,"[8, 19, 7, 17, 12]"
870,"[7, 17, 14, 10, 6]"
871,[6]
872,[17]
873,"[18, 19, 14]"
874,[17]
875,"[8, 6, 2, 0]"
876,"[13, 17, 5, 7]"
877,"[0, 15]"
878,"[9, 10, 8, 5]"
879,"[7, 17, 11, 2, 12]"
880,"[12, 18, 13]"
881,"[0, 8]"
882,"[16, 18, 19, 3, 6]"
883,"[10, 6, 4, 18, 8]"
884,"[18, 4, 17]"
885,"[7, 5, 15, 18]"
886,[1]
887,"[2, 15]"
888,"[17, 3]"
889,"[5, 6, 3, 7, 12]"
890,"[8, 18, 5]"
891,[18]
892,"[7, 10, 1, 18]"
893,"[0, 14, 19, 16]"
894,"[17, 8]"
895,"[11, 1, 16, 2]"
896,"[8, 13]"
897,"[7, 8, 19, 15, 3]"
898,"[4, 9, 7, 5, 3]"
899,[0]
900,"[15, 5]"
901,[11]
902,"[13, 0, 1]"
903,"[19, 5]"
904,"[17, 16, 2, 0, 5]"
905,"[6, 14, 1, 18, 11]"
906,"[17, 12, 0]"
907,"[5, 16]"
908,"[18, 4, 12, 8]"
909,[16]
910,[0]
911,"[9, 1]"
912,"[18, 11, 5]"
913,"[17, 4, 13, 18, 10]"
914,"[17, 5, 2]"
915,"[1, 6, 12, 18]"
916,"[8, 5]"
917,"[7, 17, 2, 18]"
918,"[6, 3, 17, 11]"
919,"[6, 1, 13, 12, 8]"
920,[2]
921,"[14, 18, 13, 5, 15]"
922,"[3, 8, 12, 2]"
923,"[19, 3]"
924,[12]
925,"[11, 8, 9]"
926,"[1, 12, 18, 19]"
927,[16]
928,[0]
929,"[19, 9, 4]"
930,"[7, 5]"
931,"[11, 2, 6, 3, 12]"
932,[6]
933,"[6, 0, 16, 1]"
934,"[14, 13, 5, 17, 8]"
935,"[10, 18]"
936,"[4, 11, 13, 8]"
937,"[6, 7, 4]"
938,"[6, 5, 3, 19]"
939,"[15, 16, 6]"
940,[14]
941,"[19, 16, 18, 13, 17]"
942,"[6, 18]"
943,"[19, 7, 3, 11, 5]"
944,[1]
945,[5]
946,"[13, 7, 16]"
947,"[19, 11]"
948,"[1, 15, 19, 13, 16]"
949,"[17, 1]"
950,"[14, 17]"
951,"[6, 15]"
952,"[17, 15, 6]"
953,"[18, 14, 15, 4]"
954,"[19, 7, 10, 16, 8]"
955,"[18, 6, 19, 15, 14]"
956,"[14, 16, 8]"
957,[4]
958,"[16, 2, 8, 7, 0]"
959,"[4, 10]"
960,"[13, 8, 7, 6, 11]"
961,"[0, 3, 7, 5]"
962,"[1, 2]"
963,"[8, 1, 3, 10]"
964,"[3, 19, 7]"
965,"[17, 19, 13, 1, 16]"
966,"[7, 4, 17, 19, 16]"
967,"[3, 16, 7, 5, 10]"
968,"[15, 4]"
969,"[18, 8, 15]"
970,"[2, 17, 9, 16, 10]"
971,"[18, 9, 5, 19, 12]"
972,"[4, 17, 0]"
973,"[6, 17]"
974,"[18, 0, 4, 6]"
975,"[9, 5, 19, 1, 14]"
976,"[11, 16, 8, 6]"
977,[13]
978,[3]
979,"[18, 12, 8, 10, 7]"
980,"[11, 18]"
981,[17]
982,"[8, 1, 18, 5, 16]"
983,[5]
984,"[3, 4, 9, 17]"
985,"[3, 7, 12, 17, 16]"
986,"[8, 17, 6]"
987,"[15, 17, 1, 19, 18]"
988,"[14, 6, 16, 2, 9]"
989,"[11, 9, 17]"
990,"[1, 16, 5]"
991,[10]
992,"[1, 8, 3, 19, 16]"
993,"[16, 3, 12, 18]"
994,"[3, 2, 7, 18, 12]"
995,"[12, 2, 11, 3]"
996,"[7, 4, 9]"
997,"[13, 17]"
998,"[4, 18, 0, 3]"
999,"[11, 0, 5, 7, 6]"
1000,[19]
1001,"[8, 19, 17]"
1002,"[15, 12, 9, 7]"
1003,[12]
1004,"[15, 4, 19, 0]"
1005,"[9, 15]"
1006,"[18, 12]"
1007,[17]
1008,"[0, 16]"
1009,"[1, 15, 11, 7, 9]"
1010,"[13, 18, 14, 11]"
1011,"[19, 18]"
1012,"[3, 13]"
1013,"[14, 7, 13, 8]"
1014,"[12, 7, 1, 9]"
1015,"[16, 19, 5, 10, 8]"
1016,"[15, 5, 12, 19, 6]"
1017,[8]
1018,[18]
1019,"[13, 1, 5]"
1020,"[12, 1, 15, 14]"
1021,"[7, 17]"
1022,"[11, 8, 6]"
1023,"[10, 13, 6, 0, 17]"
1024,"[6, 4, 19, 2]"
1025,"[4, 6, 5, 18, 0]"
1026,"[5, 8, 9]"
1027,"[19, 6, 8]"
1028,"[9, 11, 1]"
1029,"[12, 7, 4, 0]"
1030,[18]
1031,"[9, 14, 6, 16, 15]"
1032,"[18, 14, 0, 8, 4]"
1033,"[0, 6, 14]"
1034,[17]
1035,[7]
1036,"[18, 10, 15, 8]"
1037,[8]
1038,"[10, 7, 13, 4]"
1039,"[7, 18]"
1040,"[19, 14]"
1041,[16]
1042,[6]
1043,"[6, 10]"
1044,[10]
1045,"[15, 0, 14, 16]"
1046,"[9, 13, 3, 8]"
1047,"[5, 17, 12, 15, 7]"
1048,[14]
1049,[7]
1050,"[15, 9, 3, 11, 12]"
1051,"[15, 4, 19, 9, 12]"
1052,[18]
1053,"[19, 2]"
1054,"[9, 15]"
1055,"[8, 12, 6]"
1056,[0]
1057,"[6, 14, 2, 0, 15]"
1058,[4]
1059,"[12, 18, 0, 2, 17]"
1060,[9]
1061,"[16, 8]"
1062,"[0, 9, 5, 6, 8]"
1063,"[16, 12]"
1064,"[4, 11, 5]"
1065,"[3, 12, 4, 11]"
1066,"[2, 10, 5]"
1067,"[12, 14, 6]"
1068,[10]
1069,"[8, 6, 7, 17, 10]"
1070,[6]
1071,"[2, 8, 7, 6, 16]"
1072,"[0, 18, 9, 1, 15]"
1073,[16]
1074,"[4, 1, 11, 7]"
1075,[4]
1076,[7]
1077,"[2, 13, 18]"
1078,"[8, 19, 15, 3]"
1079,"[18, 10]"
1080,"[9, 5, 16]"
1081,"[13, 17]"
1082,"[12, 8, 14, 19, 2]"
1083,"[17, 14, 7, 0, 12]"
1084,"[18, 2, 4, 12]"
1085,"[1, 6, 7]"
1086,"[9, 18, 17, 19, 3]"
1087,[11]
1088,"[7, 4]"
1089,"[5, 0, 1, 15, 18]"
1090,"[8, 11, 5, 18]"
1091,"[11, 3, 15, 5]"
1092,"[3, 9]"
1093,[2]
1094,[6]
1095,"[19, 6, 4]"
1096,"[1, 3, 16, 12, 7]"
1097,"[7, 16, 4]"
1098,"[8, 16]"
1099,"[15, 4]"
1100,"[9, 14]"
1101,[5]
1102,"[15, 18, 6]"
1103,"[15, 13, 14, 0]"
1104,"[2, 17, 6, 11]"
1105,"[18, 4, 14, 9, 3]"
1106,"[3, 5, 11, 9, 18]"
1107,"[8, 9, 3, 10]"
1108,"[16, 6, 14, 4]"
1109,"[2, 11]"
1110,"[14, 2, 17]"
1111,"[0, 13, 15]"
1112,"[10, 9, 16]"
1113,"[7, 14, 17, 0]"
1114,"[6, 2, 4]"
1115,"[9, 14]"
1116,"[6, 16, 7]"
1117,[4]
1118,"[12, 6, 7, 13]"
1119,"[7, 12, 17]"
1120,"[18, 13, 0, 12, 4]"
1121,"[8, 18, 14, 3]"
1122,"[2, 9, 17, 16, 5]"
1123,"[18, 12, 8, 2]"
1124,"[5, 10]"
1125,"[10, 9, 4, 11, 7]"
1126,"[10, 5, 9, 1, 17]"
1127,"[10, 11, 7]"
1128,"[0, 10]"
1129,"[10, 8, 18, 17, 11]"
1130,"[15, 1, 10]"
1131,"[5, 15, 13, 1]"
1132,"[12, 3, 5]"
1133,[1]
1134,"[12, 3, 19, 0]"
1135,"[6, 12, 9, 2]"
1136,"[5, 2]"
1137,"[13, 19, 4]"
1138,"[16, 18]"
1139,"[3, 15, 17, 13, 2]"
1140,"[14, 4, 1, 3, 17]"
1141,"[9, 13, 17, 10]"
1142,"[1, 18, 5, 11, 15]"
1143,"[1, 6, 8, 12]"
1144,"[0, 8, 12, 13, 10]"
1145,[16]
1146,"[5, 6, 15, 12, 4]"
1147,"[8, 12, 4, 3, 5]"
1148,"[0, 1]"
1149,"[10, 14, 3]"
1150,[12]
1151,"[15, 19]"
1152,"[3, 6, 9]"
1153,"[9, 11, 3, 17]"
1154,"[13, 19, 14, 9]"
1155,"[16, 11, 3]"
1156,"[6, 1, 14]"
1157,[3]
1158,"[13, 10, 16, 6, 17]"
1159,"[1, 12, 4, 7, 13]"
1160,[10]
1161,"[14, 0, 9]"
1162,[17]
1163,"[11, 17]"
1164,"[18, 4]"
1165,"[4, 6, 10, 5]"
1166,"[18, 8, 19, 7]"
1167,"[2, 1, 9, 17]"
1168,"[4, 9, 12, 17, 5]"
1169,"[4, 7]"
1170,"[6, 10]"
1171,"[18, 11, 9, 10]"
1172,"[17, 3, 0, 1, 7]"
1173,"[14, 12, 11, 4]"
1174,"[3, 13, 8]"
1175,"[13, 9, 2, 19]"
1176,"[10, 1, 8]"
1177,[1]
1178,"[13, 5]"
1179,"[10, 4, 14]"
1180,"[0, 17]"
1181,[14]
1182,"[5, 1, 0, 19, 6]"
1183,"[13, 11, 18, 4, 3]"
1184,"[6, 1, 13, 9]"
1185,"[10, 15, 7, 19]"
1186,"[4, 6, 17, 19, 5]"
1187,"[17, 6, 11, 13, 19]"
1188,"[3, 5, 8]"
1189,"[8, 6, 0, 15, 12]"
1190,"[15, 13, 0]"
1191,[15]
1192,"[18, 12]"
1193,"[1, 8, 13, 17]"
1194,"[11, 7, 13, 5]"
1195,"[10, 9]"
1196,[7]
1197,"[14, 6, 15]"
1198,"[1, 8, 12, 5]"
1199,"[15, 2, 6]"
1200,"[8, 5, 16]"
1201,"[14, 3, 8, 17]"
1202,"[8, 14, 17]"
1203,"[7, 1]"
1204,[12]
1205,"[16, 19, 1]"
1206,"[15, 10, 11]"
1207,[4]
1208,"[2, 17, 12, 8, 3]"
1209,"[5, 18, 7, 1, 13]"
1210,"[5, 16]"
1211,"[15, 17]"
1212,"[10, 2, 18, 8]"
1213,[3]
1214,"[7, 3, 4, 13, 8]"
1215,[1]
1216,[11]
1217,[6]
1218,"[17, 1, 19, 8, 15]"
1219,[3]
1220,[14]
1221,[4]
1222,"[9, 12, 13]"
1223,"[17, 13, 11, 9]"
1224,"[3, 18, 6, 16]"
1225,[9]
1226,"[10, 12, 9, 2, 19]"
1227,"[12, 14, 6, 13]"
1228,"[3, 15, 16, 11, 2]"
1229,"[11, 2]"
1230,"[9, 4, 5, 1, 19]"
1231,"[6, 3, 16]"
1232,"[18, 16, 9, 3, 8]"
1233,[17]
1234,"[1, 14, 10, 16, 8]"
1235,"[2, 3, 11, 6]"
1236,"[3, 2, 16, 1, 0]"
1237,[5]
1238,"[5, 11, 8, 7]"
1239,[10]
1240,[12]
1241,"[5, 6]"
1242,"[9, 12, 8]"
1243,"[4, 19, 2]"
1244,"[13, 6, 5]"
1245,"[18, 11]"
1246,"[9, 14, 13, 10, 4]"
1247,"[5, 0, 12, 3, 15]"
1248,"[12, 2, 5, 4]"
1249,"[9, 2, 15, 4, 11]"
1250,"[12, 13, 6, 14, 18]"
1251,"[5, 14, 12, 18, 11]"
1252,"[3, 19, 10]"
1253,"[17, 16, 12]"
1254,"[16, 12, 19, 17]"
1255,"[19, 6, 2, 17]"
1256,"[9, 3]"
1257,"[8, 3, 11, 16, 1]"
1258,"[19, 3, 10]"
1259,"[8, 10, 16]"
1260,"[3, 7]"
1261,"[14, 4]"
1262,[17]
1263,"[10, 3, 8, 15, 14]"
1264,"[18, 1, 19, 14]"
1265,"[10, 1, 19, 6, 8]"
1266,"[1, 10, 17, 15]"
1267,[4]
1268,"[5, 18, 14, 12]"
1269,"[13, 9, 7, 17, 15]"
1270,"[18, 9, 1, 19]"
1271,"[10, 8, 1, 12, 0]"
1272,"[9, 6]"
1273,[16]
1274,"[9, 8, 1]"
1275,"[19, 13, 17]"
1276,"[5, 4, 12, 15]"
1277,"[18, 6]"
1278,[15]
1279,"[6, 4, 0]"
1280,[9]
1281,"[8, 9]"
1282,"[6, 10, 18, 17]"
1283,"[2, 18, 11, 7]"
1284,"[14, 17, 11, 13, 5]"
1285,[8]
1286,[19]
1287,"[19, 1, 12]"
1288,[0]
1289,"[9, 11, 4, 18]"
1290,"[9, 18, 7]"
1291,"[11, 13, 9, 0]"
1292,"[4, 8]"
1293,"[19, 13]"
1294,"[14, 12, 15, 1, 10]"
1295,"[7, 8]"
1296,"[18, 1, 5, 17, 0]"
1297,"[14, 12, 7, 3]"
1298,"[6, 14]"
1299,"[7, 16, 17]"
1300,"[4, 18, 1]"
1301,"[4, 0]"
1302,"[1, 2, 6, 14, 11]"
1303,"[17, 4]"
1304,"[12, 17, 0, 14, 1]"
1305,"[10, 15, 0, 4]"
1306,"[17, 5, 11, 8]"
1307,"[1, 3, 18]"
1308,"[4, 15, 14, 10]"
1309,"[3, 2]"
1310,"[11, 8, 2, 15]"
1311,[12]
1312,[6]
1313,"[2, 14, 16]"
1314,"[14, 10, 16, 3, 15]"
1315,"[4, 6, 0, 9]"
1316,"[6, 5, 15]"
1317,"[3, 13, 2, 7]"
1318,"[2, 19, 13]"
1319,[6]
1320,"[10, 13, 12]"
1321,"[7, 10, 3, 5, 11]"
1322,"[10, 11, 1, 3, 19]"
1323,"[2, 18, 5]"
1324,[0]
1325,"[2, 6]"
1326,"[13, 0, 19, 9]"
1327,"[19, 9]"
1328,[16]
1329,"[11, 13, 1, 16]"
1330,[0]
1331,"[17, 3]"
1332,"[14, 16]"
1333,"[1, 2, 10, 13, 6]"
1334,[12]
1335,"[10, 12, 4, 1]"
1336,"[5, 11, 8, 9]"
1337,"[11, 9, 6, 18]"
1338,"[15, 6]"
1339,"[2, 0]"
1340,"[15, 13, 7, 2]"
1341,"[15, 12, 0, 19]"
1342,[4]
1343,"[1, 3]"
1344,"[11, 15, 7, 18]"
1345,"[5, 9]"
1346,"[2, 16, 10, 14]"
1347,"[19, 11, 2, 7]"
1348,"[2, 16, 14, 17, 15]"
1349,"[13, 4, 3]"
1350,[13]
1351,[17]
1352,[18]
1353,[5]
1354,"[12, 4]"
1355,[8]
1356,"[9, 4, 6, 18, 15]"
1357,"[17, 15, 5, 9]"
1358,"[5, 12, 17, 4]"
1359,"[17, 12]"
1360,[8]
1361,"[7, 14, 13]"
1362,"[12, 13, 11]"
1363,"[10, 8, 1, 4, 5]"
1364,"[3, 10]"
1365,"[17, 12]"
1366,"[15, 4, 19]"
1367,"[8, 10, 17, 0, 1]"
1368,"[14, 6, 13, 5]"
1369,[10]
1370,"[1, 13, 16, 9, 15]"
1371,[16]
1372,"[9, 11, 8, 6, 12]"
1373,"[17, 16, 15, 18, 1]"
1374,"[14, 1, 0]"
1375,[9]
1376,"[2, 19, 11, 4]"
1377,"[10, 16]"
1378,"[19, 0, 10, 17, 12]"
1379,"[8, 11]"
1380,"[16, 9, 14, 7]"
1381,"[5, 2, 13]"
1382,"[12, 4]"
1383,"[13, 2]"
1384,"[8, 7, 5, 9]"
1385,"[12, 6, 11]"
1386,[19]
1387,"[10, 7, 0, 19]"
1388,"[8, 4]"
1389,"[8, 7, 2]"
1390,"[11, 10]"
1391,"[4, 18, 11, 13, 6]"
1392,"[9, 8, 7, 4]"
1393,"[6, 12, 13]"
1394,"[12, 13, 11, 4]"
1395,"[10, 13]"
1396,"[1, 0, 19]"
1397,"[12, 5, 11]"
1398,"[3, 0]"
1399,"[18, 4, 12, 8]"
1400,"[19, 15]"
1401,"[12, 4]"
1402,"[16, 2, 9]"
1403,"[0, 12, 19]"
1404,"[11, 5, 13]"
1405,"[13, 7]"
1406,"[11, 7, 10, 6, 14]"
1407,"[15, 11, 17]"
1408,"[19, 7, 1, 13]"
1409,"[10, 1, 9, 18]"
1410,"[9, 2, 18, 12]"
1411,"[15, 10]"
1412,"[18, 11, 6, 8, 2]"
1413,"[4, 14, 15]"
1414,[16]
1415,"[4, 19, 1, 3]"
1416,"[10, 16]"
1417,"[10, 3]"
1418,"[6, 2, 0, 12]"
1419,[0]
1420,[6]
1421,"[11, 18, 16, 1, 10]"
1422,"[10, 17, 19]"
1423,"[7, 17, 13, 16, 9]"
1424,"[12, 9, 5]"
1425,"[1, 11, 14]"
1426,"[13, 11, 12]"
1427,"[14, 15]"
1428,[16]
1429,"[1, 4, 7]"
1430,[14]
1431,[14]
1432,"[9, 4, 13, 18]"
1433,"[19, 10, 5, 0, 9]"
1434,"[2, 6]"
1435,"[17, 0, 3, 14]"
1436,"[18, 14]"
1437,"[10, 16, 13, 14, 11]"
1438,"[13, 19, 3, 12]"
1439,[19]
1440,"[4, 1, 16, 10, 18]"
1441,[12]
1442,"[12, 2, 16, 11, 6]"
1443,"[7, 10, 18, 14]"
1444,[10]
1445,"[6, 15]"
1446,"[2, 15]"
1447,[13]
1448,"[16, 10, 14]"
1449,"[8, 10, 9]"
1450,"[2, 3, 15, 5, 12]"
1451,"[10, 2, 8]"
1452,"[13, 17]"
1453,"[0, 17, 6, 7]"
1454,"[10, 19]"
1455,[5]
1456,"[4, 0, 16, 3]"
1457,[3]
1458,[14]
1459,"[17, 19, 10, 16, 12]"
1460,"[1, 19, 2, 10]"
1461,[14]
1462,"[9, 6]"
1463,[9]
1464,"[10, 15]"
1465,"[14, 2, 12, 10, 18]"
1466,[19]
1467,[6]
1468,"[9, 18, 4, 0]"
1469,"[13, 6, 17]"
1470,"[19, 14, 16, 2]"
1471,"[3, 6, 8, 9, 10]"
1472,"[15, 11, 0, 8]"
1473,"[4, 18, 3, 19]"
1474,"[18, 7, 15]"
1475,"[1, 7, 10, 2, 13]"
1476,"[13, 3]"
1477,"[17, 13, 5]"
1478,[10]
1479,"[5, 2, 19]"
1480,"[16, 6]"
1481,"[1, 6, 10]"
1482,"[3, 16, 10, 4, 7]"
1483,"[0, 12]"
1484,"[7, 13, 4, 19]"
1485,"[6, 19, 14]"
1486,"[9, 2]"
1487,"[0, 7, 5]"
1488,"[6, 4]"
1489,"[12, 9, 10, 8, 17]"
1490,"[2, 17, 6]"
1491,"[2, 9, 11]"
1492,"[10, 17, 13, 5]"
1493,"[12, 10, 0]"
1494,[1]
1495,"[13, 11, 17, 19, 14]"
1496,"[19, 13, 2, 8, 17]"
1497,"[6, 12]"
1498,"[6, 13, 9, 10, 5]"
1499,"[6, 8, 14, 13, 19]"
1500,"[6, 5]"
1501,[19]
1502,"[15, 18, 12, 13, 3]"
1503,"[7, 2, 6]"
1504,"[14, 8, 10]"
1505,"[12, 2, 14, 16]"
1506,"[9, 3, 11, 17, 10]"
1507,"[19, 8, 12, 0]"
1508,"[10, 8]"
1509,"[13, 5, 16]"
1510,"[11, 18, 8, 7, 16]"
1511,[16]
1512,[11]
1513,"[14, 15, 19]"
1514,"[10, 19]"
1515,"[7, 3, 9]"
1516,"[17, 2]"
1517,[14]
1518,"[0, 14]"
1519,[18]
1520,"[16, 2, 9]"
1521,[7]
1522,"[14, 11]"
1523,"[10, 7, 13]"
1524,"[8, 2, 5]"
1525,[9]
1526,"[14, 16, 0, 18, 11]"
1527,"[11, 19, 6, 10, 15]"
1528,"[13, 8, 4, 2, 1]"
1529,"[11, 4]"
1530,[17]
1531,[3]
1532,[14]
1533,"[14, 16, 0]"
1534,"[11, 17]"
1535,[15]
1536,[10]
1537,"[10, 17, 3, 0]"
1538,"[2, 6]"
1539,"[17, 13]"
1540,"[2, 8, 10]"
1541,"[2, 14, 11]"
1542,"[17, 1, 15, 11, 4]"
1543,"[8, 5, 14]"
1544,[5]
1545,"[10, 13, 3, 16]"
1546,"[3, 19]"
1547,"[10, 11, 1]"
1548,"[11, 12, 16]"
1549,"[12, 13, 2]"
1550,[16]
1551,[12]
1552,[0]
1553,"[17, 19, 1, 2]"
1554,[12]
1555,"[17, 12, 8, 0]"
1556,[5]
1557,"[2, 19]"
1558,"[3, 2]"
1559,"[18, 4]"
1560,[1]
1561,"[13, 9, 0, 10]"
1562,"[13, 18, 4]"
1563,"[6, 7]"
1564,[8]
1565,"[7, 17, 9, 3]"
1566,"[14, 13, 6, 5]"
1567,"[17, 1, 0]"
1568,"[8, 2, 0, 5, 11]"
1569,[13]
1570,[9]
1571,"[18, 1, 0, 8, 5]"
1572,"[14, 0]"
1573,[7]
1574,"[18, 6]"
1575,"[11, 14, 19]"
1576,"[8, 14, 15, 7, 18]"
1577,"[13, 19, 15]"
1578,"[2, 0, 15]"
1579,"[6, 16, 10, 9]"
1580,"[0, 3, 14]"
1581,"[4, 11, 6, 19]"
1582,[18]
1583,"[3, 7, 8, 0]"
1584,[1]
1585,"[19, 2, 12]"
1586,"[8, 14, 19, 12]"
1587,"[8, 18, 0, 15, 2]"
1588,"[15, 11, 10]"
1589,"[10, 6, 7, 0, 16]"
1590,"[17, 15, 16]"
1591,[0]
1592,"[18, 10, 9]"
1593,"[14, 5, 3, 11, 15]"
1594,"[1, 0, 5, 9, 12]"
1595,"[8, 7]"
1596,[15]
1597,[2]
1598,"[11, 2, 9, 16, 18]"
1599,"[13, 12, 8, 1, 14]"
1600,"[16, 18]"
1601,"[11, 14]"
1602,"[11, 13, 6]"
1603,[9]
1604,[7]
1605,"[12, 3, 16]"
1606,"[1, 2, 16, 15, 14]"
1607,"[10, 0, 13, 14]"
1608,[17]
1609,"[10, 16, 0, 6, 9]"
1610,[16]
1611,"[13, 5, 14]"
1612,"[15, 7, 8]"
1613,"[2, 0, 13]"
1614,"[14, 19, 4, 5, 12]"
1615,"[13, 10]"
1616,[1]
1617,"[12, 6]"
1618,"[5, 9]"
1619,"[1, 8]"
1620,"[12, 7, 8]"
1621,[10]
1622,[2]
1623,"[10, 17, 8, 14]"
1624,"[15, 0]"
1625,"[13, 19, 11, 18]"
1626,"[11, 15, 19, 14]"
1627,"[18, 10, 11, 14, 2]"
1628,"[16, 18, 7, 9]"
1629,[13]
1630,[1]
1631,"[15, 6, 7, 19, 9]"
1632,"[16, 15, 5]"
1633,"[18, 12, 5]"
1634,"[3, 9, 8]"
1635,"[14, 4, 19, 8]"
1636,[2]
1637,"[4, 13, 1, 3, 0]"
1638,"[5, 7, 0]"
1639,"[3, 1, 14, 8]"
1640,"[14, 9]"
1641,"[13, 6, 19, 17, 15]"
1642,"[2, 12, 14, 9, 10]"
1643,"[16, 8]"
1644,"[7, 19, 6, 9, 11]"
1645,[19]
1646,[18]
1647,"[17, 0, 8, 4]"
1648,"[8, 16, 15, 18]"
1649,"[10, 13]"
1650,[10]
1651,"[18, 8]"
1652,"[16, 10]"
1653,"[8, 5, 7, 12]"
1654,"[8, 19, 6, 4, 14]"
1655,"[1, 2, 18]"
1656,"[5, 11, 9]"
1657,"[9, 11, 1, 0, 5]"
1658,"[13, 8, 10, 4]"
1659,"[12, 17, 6]"
1660,"[18, 15, 17, 5, 19]"
1661,[15]
1662,"[11, 17, 14, 2]"
1663,"[17, 6]"
1664,"[13, 19, 9, 4, 2]"
1665,"[4, 6]"
1666,"[2, 11]"
1667,"[11, 0, 4, 1]"
1668,[2]
1669,"[1, 6, 11, 15, 16]"
1670,"[17, 19, 11, 16]"
1671,"[13, 12, 7, 2, 1]"
1672,[11]
1673,"[16, 0, 11, 14]"
1674,[14]
1675,[13]
1676,"[1, 11, 13, 10]"
1677,[14]
1678,[2]
1679,"[10, 11, 18, 17, 3]"
1680,"[4, 17]"
1681,"[10, 18, 11, 6]"
1682,"[8, 13]"
1683,"[17, 9, 3, 8]"
1684,"[12, 0]"
1685,"[3, 15, 18, 7]"
1686,"[18, 16, 5, 14, 6]"
1687,"[12, 1, 19, 18, 10]"
1688,"[10, 13, 16, 11, 8]"
1689,[19]
1690,"[17, 0, 1, 9, 13]"
1691,"[9, 11, 7, 19]"
1692,"[9, 1]"
1693,"[4, 19, 15]"
1694,"[6, 18, 9, 7, 14]"
1695,"[13, 9, 12, 2, 5]"
1696,"[0, 6, 17, 2]"
1697,[10]
1698,"[18, 12, 6]"
1699,[7]
1700,"[1, 15]"
1701,"[6, 10]"
1702,"[13, 6]"
1703,[0]
1704,"[18, 12, 1, 9]"
1705,"[18, 14, 2, 8]"
1706,"[12, 6, 5]"
1707,[10]
1708,"[0, 3, 8]"
1709,"[10, 8, 15, 3]"
1710,"[4, 9, 1, 13]"
1711,"[1, 5]"
1712,"[19, 1, 4]"
1713,"[19, 2, 7, 4]"
1714,[1]
1715,"[11, 12, 9]"
1716,"[0, 7, 18]"
1717,"[0, 6, 13]"
1718,"[7, 5, 10, 15]"
1719,"[19, 3, 4]"
1720,[19]
1721,"[19, 2, 16, 14, 5]"
1722,"[7, 13, 9]"
1723,"[0, 9, 15]"
1724,"[19, 10]"
1725,"[7, 1]"
1726,"[15, 3]"
1727,"[13, 2]"
1728,"[16, 3, 6, 2, 11]"
1729,"[11, 4]"
1730,"[11, 13, 10]"
1731,"[11, 3, 19, 6]"
1732,"[11, 16, 9]"
1733,"[14, 0, 4, 9]"
1734,"[15, 17]"
1735,"[1, 13, 9, 14, 7]"
1736,"[6, 7]"
1737,"[9, 12, 15]"
1738,"[18, 13, 8, 4, 17]"
1739,"[4, 1]"
1740,"[18, 10, 11]"
1741,[2]
1742,[9]
1743,"[14, 1, 13]"
1744,"[10, 18, 6, 4, 12]"
1745,"[4, 12, 19, 0, 11]"
1746,"[2, 13, 6]"
1747,"[5, 12]"
1748,"[18, 19, 15, 17]"
1749,"[11, 16, 0, 10]"
1750,"[8, 1, 17]"
1751,"[4, 14, 3, 6, 11]"
1752,"[2, 16, 7]"
1753,[19]
1754,"[13, 14, 12]"
1755,"[0, 15, 13, 7]"
1756,"[6, 19, 0, 12, 1]"
1757,"[12, 1, 10]"
1758,"[2, 12]"
1759,"[10, 4, 15]"
1760,"[17, 12, 16, 5, 8]"
1761,[13]
1762,"[0, 13, 4]"
1763,"[7, 18]"
1764,[0]
1765,"[9, 8, 6]"
1766,"[11, 8, 14, 9, 1]"
1767,"[8, 9, 11, 19, 3]"
1768,[1]
1769,"[10, 17, 14, 7]"
1770,"[10, 15, 5, 3]"
1771,[10]
1772,"[8, 19, 12, 5]"
1773,[2]
1774,"[1, 18]"
1775,"[19, 2, 3, 1, 9]"
1776,"[8, 0, 4, 1]"
1777,[19]
1778,"[19, 17]"
1779,[16]
1780,"[6, 5]"
1781,"[3, 13, 8, 5]"
1782,"[10, 7, 16, 3]"
1783,"[0, 10]"
1784,"[18, 11, 4, 3, 0]"
1785,"[14, 19, 9, 3, 18]"
1786,"[3, 9, 7, 6]"
1787,[16]
1788,"[0, 13, 11, 5]"
1789,"[3, 2]"
1790,"[1, 8, 2, 7, 19]"
1791,"[15, 17, 1, 9]"
1792,"[9, 4, 15]"
1793,"[15, 2, 11, 10]"
1794,"[16, 3, 6]"
1795,"[15, 2, 5]"
1796,"[3, 14, 9]"
1797,"[16, 12]"
1798,[9]
1799,[13]
1800,"[12, 8, 0, 2]"
1801,"[9, 8, 12, 17]"
1802,"[16, 9]"
1803,"[14, 11, 17]"
1804,"[1, 2, 7, 6, 19]"
1805,"[15, 3, 7, 14, 0]"
1806,"[10, 13, 16, 17]"
1807,"[1, 11, 18]"
1808,[5]
1809,"[5, 14, 10, 7, 11]"
1810,"[6, 12, 2]"
1811,[14]
1812,"[8, 2, 12]"
1813,[9]
1814,"[15, 14, 5]"
1815,"[3, 17, 5, 1, 8]"
1816,"[17, 4]"
1817,[1]
1818,"[3, 15, 17]"
1819,"[1, 8]"
1820,"[10, 16, 18, 9, 1]"
1821,"[5, 9]"
1822,[6]
1823,"[3, 5]"
1824,"[7, 14, 3, 11]"
1825,"[16, 7, 17]"
1826,"[14, 11, 19, 10]"
1827,"[9, 17, 19, 14]"
1828,"[17, 5, 19, 15]"
1829,"[11, 12, 3]"
1830,"[7, 0, 15, 3]"
1831,"[10, 6, 7, 13]"
1832,"[2, 3]"
1833,"[8, 6, 13]"
1834,[13]
1835,"[13, 10]"
1836,"[8, 1]"
1837,"[19, 9]"
1838,"[19, 16, 9, 5, 1]"
1839,"[8, 16, 14, 5, 6]"
1840,"[16, 2, 5]"
1841,[16]
1842,"[8, 1, 14, 17]"
1843,"[3, 2, 17]"
1844,"[2, 18, 9, 12]"
1845,[17]
1846,[12]
1847,"[9, 18, 10]"
1848,"[17, 6, 5]"
1849,"[17, 2, 10, 19, 0]"
1850,[17]
1851,"[7, 4, 11, 16, 8]"
1852,"[2, 7, 5]"
1853,[13]
1854,[9]
1855,"[6, 16, 18, 12]"
1856,"[15, 16, 5]"
1857,"[10, 19, 13]"
1858,"[12, 5, 2, 16]"
1859,"[10, 16, 12, 14, 19]"
1860,"[2, 0, 13, 4, 8]"
1861,"[7, 2]"
1862,"[6, 15]"
1863,"[12, 18, 16, 6, 15]"
1864,"[2, 7, 14, 18]"
1865,"[10, 14]"
1866,"[17, 14, 16]"
1867,"[12, 3]"
1868,"[11, 5, 13, 0]"
1869,"[2, 5, 18, 7, 16]"
1870,"[6, 9, 7, 3]"
1871,"[10, 7]"
1872,[16]
1873,"[4, 6, 13]"
1874,"[15, 2]"
1875,"[17, 9, 4, 8]"
1876,"[1, 10]"
1877,"[8, 6, 5]"
1878,"[10, 0, 6]"
1879,"[17, 16]"
1880,"[5, 3, 18, 7, 12]"
1881,"[8, 15, 12]"
1882,"[15, 5, 9, 2]"
1883,"[5, 1, 11, 12, 16]"
1884,"[11, 18, 5, 4, 13]"
1885,[6]
1886,[14]
1887,"[4, 6, 15, 2]"
1888,"[10, 5]"
1889,"[1, 17, 16]"
1890,"[2, 14]"
1891,"[1, 2]"
1892,[13]
1893,"[16, 15, 1]"
1894,"[4, 11, 18, 6, 19]"
1895,"[3, 2, 12, 6]"
1896,"[7, 11]"
1897,"[1, 18, 14]"
1898,"[12, 2]"
1899,[0]
1900,"[19, 11, 17]"
1901,"[15, 8, 3, 4, 18]"
1902,"[18, 4]"
1903,"[3, 8, 0]"
1904,"[6, 2, 10]"
1905,[16]
1906,"[1, 9]"
1907,"[19, 18, 2]"
1908,"[0, 17]"
1909,"[11, 17, 16]"
1910,"[6, 13, 14, 16, 18]"
1911,"[5, 18, 9, 7, 8]"
1912,"[19, 18, 10, 11, 0]"
1913,"[17, 8]"
1914,"[14, 6, 17, 11]"
1915,"[4, 19, 6, 5, 2]"
1916,"[9, 15, 8]"
1917,"[6, 10]"
1918,"[15, 17, 19, 13]"
1919,"[1, 18, 0, 6, 4]"
1920,"[2, 3, 7]"
1921,"[10, 18, 6, 17]"
1922,[7]
1923,"[16, 8, 6]"
1924,[7]
1925,"[1, 15, 14, 2]"
1926,"[13, 3, 7]"
1927,"[12, 10, 16]"
1928,"[12, 15]"
1929,[0]
1930,[19]
1931,"[1, 6, 2, 16, 17]"
1932,[17]
1933,[15]
1934,"[10, 7, 2, 0, 18]"
1935,"[11, 0, 9, 3, 17]"
1936,"[13, 5, 10, 17, 7]"
1937,"[9, 19, 14]"
1938,[4]
1939,[1]
1940,"[7, 6, 11, 17, 12]"
1941,[1]
1942,"[5, 13, 19]"
1943,"[13, 8, 14, 0]"
1944,"[0, 16, 3, 5, 17]"
1945,"[19, 18, 17]"
1946,[11]
1947,"[7, 8, 5, 4, 6]"
1948,"[14, 4, 16, 8, 13]"
1949,"[6, 10]"
1950,"[16, 7, 10, 2]"
1951,"[5, 16, 15]"
1952,"[7, 13]"
1953,"[12, 18, 13, 14]"
1954,"[0, 10, 6, 9]"
1955,"[1, 6, 17, 16, 4]"
1956,"[17, 12, 10, 6]"
1957,"[11, 14, 2, 19]"
1958,"[4, 18, 13]"
1959,"[4, 11, 18, 2]"
1960,"[14, 16]"
1961,"[11, 12, 17, 16]"
1962,"[14, 1, 11, 6, 0]"
1963,"[7, 18, 16, 17]"
1964,[8]
1965,"[19, 15, 5]"
1966,"[19, 6, 1, 18, 7]"
1967,"[8, 9, 16]"
1968,"[2, 11, 19, 3]"
1969,"[17, 18, 5]"
1970,"[7, 6]"
1971,"[10, 9]"
1972,"[7, 16, 5, 12]"
1973,"[2, 17, 16, 12, 1]"
1974,"[3, 10, 11, 9, 15]"
1975,"[1, 18, 16, 5]"
1976,"[12, 8, 5]"
1977,"[19, 15, 7, 16]"
1978,"[0, 11, 18, 9]"
1979,"[14, 12, 16]"
1980,"[17, 5, 9, 0]"
1981,[9]
1982,"[19, 14]"
1983,"[7, 10, 13]"
1984,"[9, 15, 3, 0]"
1985,"[9, 4, 19, 0]"
1986,"[2, 6, 16, 12, 8]"
1987,"[19, 15]"
1988,"[3, 2, 13]"
1989,"[17, 11]"
1990,"[13, 18, 6]"
1991,"[15, 16, 19, 8, 9]"
1992,"[9, 3, 2, 8, 18]"
1993,"[13, 0, 4, 8]"
1994,"[19, 0]"
1995,"[8, 4, 15, 16]"
1996,"[19, 15]"
1997,[17]
1998,"[18, 13]"
1999,"[18, 6]"
2000,"[3, 4]"
