userID,interests
60494,"[14, 4, 9, 0]"
73691,[5]
72468,"[12, 11, 6]"
76150,"[5, 15, 17]"
22429,[15]
88892,"[6, 9, 5, 1]"
19665,[1]
56372,"[2, 0, 18, 11]"
82420,"[1, 3]"
44143,"[18, 14, 7, 17, 6]"
22225,"[14, 0, 7]"
90202,[5]
41969,"[18, 0, 3, 13, 15]"
35043,"[11, 2, 4]"
28677,"[9, 11]"
76576,"[17, 12, 16]"
48153,"[3, 6, 2, 17, 0]"
36634,"[18, 19, 12, 3, 11]"
51555,"[13, 7, 4]"
34475,"[6, 2, 10, 12]"
72459,"[7, 11, 13, 9, 8]"
29601,"[10, 8, 4, 16]"
99587,[14]
46127,"[12, 17]"
99060,"[7, 16, 10, 19]"
74573,"[8, 16, 7]"
73759,"[13, 11, 5]"
12124,"[2, 13, 9]"
58766,[1]
18151,"[2, 6, 11, 16, 0]"
15928,"[15, 11]"
89473,[19]
14769,"[6, 2, 7, 9]"
26239,[2]
99043,"[18, 16]"
44068,[13]
55913,[0]
71227,"[13, 2, 12, 11]"
36129,"[8, 18, 1, 5, 3]"
84680,"[19, 0, 9, 15]"
17608,[14]
79399,"[14, 2, 9, 18, 12]"
97242,"[14, 17]"
63727,"[3, 19, 9]"
96195,"[10, 6, 14, 19]"
70024,"[7, 0]"
46815,"[16, 13, 8, 15]"
73154,"[10, 16, 1, 5]"
87368,"[12, 16, 11, 7, 17]"
64318,"[12, 7, 10]"
30981,[7]
59630,"[0, 6, 18, 4]"
64817,"[0, 19]"
30668,"[9, 5, 0, 15]"
83584,[7]
71196,"[4, 17, 1, 5]"
34641,"[6, 2, 14]"
62666,"[17, 8]"
11873,"[4, 15, 1]"
34963,"[16, 9, 13]"
46697,"[6, 12]"
61995,"[11, 4, 2, 15, 3]"
25175,"[16, 7, 6, 8, 13]"
95299,"[8, 11, 13, 19]"
46491,"[4, 8, 9]"
83184,[2]
15505,"[1, 18, 17, 14]"
93904,"[8, 18, 15, 1, 13]"
33368,"[7, 18, 11]"
11166,"[12, 14, 19, 17, 8]"
54238,"[15, 3, 9]"
91335,"[19, 10, 14]"
86474,"[8, 15, 13, 16]"
26992,[4]
16325,"[8, 5, 16, 10]"
19288,[13]
49220,"[13, 12, 9]"
73068,"[11, 7]"
26295,"[2, 19, 3]"
65906,"[1, 14, 12]"
31830,"[15, 12, 1, 6, 16]"
18629,"[18, 9]"
60438,[5]
47987,"[15, 11, 8, 14, 19]"
99037,"[16, 0, 17, 5, 14]"
38853,"[11, 6, 18, 13, 2]"
66521,"[5, 11, 0, 1, 18]"
13620,"[13, 3]"
25585,"[5, 3, 16, 12, 13]"
94016,"[19, 13, 16, 9]"
23714,"[0, 17, 7]"
81616,"[10, 16]"
73950,"[17, 10, 15, 14]"
99119,"[9, 7]"
99039,"[15, 3, 8]"
93239,[15]
38675,[5]
52182,"[16, 17, 3]"
88982,"[18, 9, 16, 12, 13]"
48585,"[17, 15, 10]"
77702,"[12, 10, 7, 5, 16]"
49380,[8]
31061,"[0, 1, 10, 14, 12]"
58669,"[10, 11, 19, 3, 17]"
14406,"[2, 15, 14, 13, 1]"
88661,"[17, 6, 11, 4, 3]"
47966,[0]
60930,"[7, 6]"
12684,"[11, 4, 12, 9, 6]"
84745,[5]
44341,[2]
60289,[6]
41319,"[1, 4, 16]"
17278,"[7, 2, 15, 14, 19]"
88900,"[11, 18, 1, 7]"
63888,"[11, 15, 2, 3, 5]"
16164,"[11, 10, 2]"
14255,"[5, 18, 7, 19, 9]"
81977,"[10, 1, 12]"
24548,"[6, 3, 7]"
95258,"[8, 16, 10]"
26660,"[18, 10]"
78027,"[7, 6, 10, 13, 16]"
68271,[8]
56734,[5]
73722,[13]
97360,[16]
92238,"[2, 11]"
29095,"[9, 16, 13, 6]"
21014,"[16, 15, 18, 3]"
30467,"[17, 7]"
13949,"[9, 10, 2, 3]"
43106,"[7, 13]"
13850,"[15, 17, 4]"
40211,"[5, 6, 0]"
37260,"[16, 5]"
10941,"[5, 15, 0, 8]"
89278,"[3, 5, 15]"
69512,"[17, 5, 0, 2]"
27060,"[18, 2, 0, 7, 19]"
48355,"[12, 17, 18, 16, 9]"
93350,"[5, 18, 15]"
23445,"[19, 8]"
26414,"[2, 17, 16]"
41019,"[15, 2, 19, 12]"
96926,"[0, 3, 18]"
61616,"[4, 19]"
49241,"[0, 11, 1]"
87473,"[1, 4, 9, 11, 16]"
21082,"[0, 19, 3]"
93498,"[13, 14, 17, 5, 3]"
52030,[4]
71720,"[16, 0, 5, 7]"
24700,"[9, 15, 7]"
62268,[13]
32903,"[11, 9]"
78596,"[13, 0, 19, 7, 12]"
93532,"[14, 10, 16]"
10241,"[5, 13, 11, 16]"
38669,"[10, 19, 7]"
81461,[3]
71791,"[1, 19, 14]"
81269,"[10, 13, 9, 19]"
25837,"[9, 4, 3]"
10033,[2]
61935,"[15, 12, 6, 2]"
56376,"[3, 4, 1]"
88041,[10]
50056,"[10, 1, 9]"
31437,"[10, 17, 4]"
78135,"[14, 5, 7, 19, 9]"
37561,"[8, 0, 15]"
62876,[2]
84479,[7]
25796,"[13, 5, 8, 3]"
28288,[2]
64408,"[7, 1, 19, 9, 0]"
75741,[6]
68193,"[13, 12, 11, 5]"
16868,"[2, 7, 9]"
61244,"[9, 18]"
20665,[12]
25224,"[18, 4, 10, 11, 16]"
39712,"[5, 1, 7]"
35061,"[0, 14, 15, 3]"
60348,"[9, 1]"
67051,"[3, 8, 19]"
29333,"[11, 2, 4, 7]"
68212,"[10, 13]"
66005,"[8, 10, 19, 15]"
35715,"[10, 17]"
16526,"[0, 10, 1, 18]"
34478,"[3, 4, 1, 18, 7]"
40548,"[11, 10]"
47280,"[14, 15, 13]"
92821,"[0, 8, 9, 14, 18]"
43390,"[13, 14, 8, 2]"
15535,"[15, 3, 17]"
47985,"[13, 11, 18]"
99195,"[8, 15, 5, 17, 14]"
38963,"[1, 10, 14, 9, 18]"
89476,[7]
69735,[1]
15813,"[1, 15, 8, 16]"
78749,"[5, 3]"
42935,"[6, 9, 18, 14]"
43376,"[14, 10]"
15833,"[4, 0]"
11206,"[11, 13, 3]"
16221,[8]
67685,"[14, 16, 18, 3]"
30158,"[5, 3, 2, 1]"
67755,[7]
15157,"[1, 3, 16, 4]"
26788,"[14, 6, 2, 1]"
66995,"[7, 8]"
36369,"[7, 5]"
89255,"[2, 13, 7]"
45723,"[16, 2, 8, 19]"
22963,"[11, 19, 17]"
38582,"[19, 18, 9, 12]"
80192,"[13, 5]"
60422,"[10, 2, 17]"
57042,"[8, 5, 1, 3]"
81648,"[17, 16, 6, 9]"
18491,"[5, 11, 6, 15, 17]"
58915,"[10, 1]"
27994,"[5, 16, 15, 18]"
86733,"[2, 7]"
30348,"[18, 10, 1]"
27770,[12]
75108,"[7, 5, 14, 2, 9]"
40630,"[19, 3]"
27372,"[9, 5, 11, 6]"
90742,"[4, 5, 16, 7, 18]"
69716,"[16, 12, 0]"
82813,"[9, 19]"
73034,[2]
43968,[3]
51473,[12]
37349,"[10, 16, 2, 0, 14]"
54979,[15]
44092,[9]
12225,"[16, 4, 10]"
92632,"[12, 5, 1, 7, 0]"
92290,"[19, 1, 18, 10, 0]"
39592,"[18, 0, 17]"
55210,"[18, 16, 15, 0]"
68846,"[2, 9, 14, 13]"
33191,"[10, 0, 7]"
60157,[13]
79643,[0]
26068,"[8, 3, 18, 15, 16]"
10407,"[19, 5, 7, 18]"
77362,"[6, 3, 16]"
33104,"[9, 17, 12, 5, 7]"
32130,"[6, 8, 18]"
88365,[12]
90601,"[8, 3, 4]"
13573,"[19, 3, 6]"
98033,"[7, 15, 9]"
56636,"[14, 5]"
54255,"[12, 15, 9]"
11937,"[8, 16, 9, 5, 17]"
82148,"[7, 13]"
84776,"[5, 10, 12]"
69758,"[5, 18]"
55428,"[16, 8, 3, 12, 19]"
14492,"[15, 8, 5]"
47981,"[4, 8, 1, 5, 7]"
54601,"[0, 8, 9, 4, 5]"
37390,[6]
86827,"[1, 18, 8]"
53340,[19]
30469,"[1, 6, 0, 10, 7]"
52336,"[9, 6, 2, 13]"
32286,"[14, 19, 13]"
67919,"[3, 17]"
72968,"[4, 15, 10, 12]"
19207,"[12, 15]"
79406,[6]
30630,"[9, 19, 18]"
89304,"[10, 6, 1, 19, 17]"
50815,"[11, 3, 15, 9, 14]"
43841,"[15, 18]"
66583,"[12, 17, 5, 18]"
77022,"[9, 12, 5]"
83830,[4]
83609,"[18, 8, 12, 11]"
12056,"[12, 8, 3]"
99162,"[18, 14, 17, 12, 10]"
75141,"[5, 9, 4]"
41729,"[3, 17, 18]"
20213,"[9, 7, 2, 15, 18]"
76702,"[13, 11, 19, 14, 15]"
65934,[8]
67306,"[13, 7, 0, 9, 18]"
50241,"[1, 15, 16, 11]"
36579,"[4, 14, 0, 13]"
15035,"[14, 9, 17, 8]"
26621,"[7, 3]"
62178,"[8, 12, 13, 0, 14]"
15450,[15]
10588,[1]
71748,"[9, 5, 6, 16]"
51261,"[18, 2]"
63269,"[19, 3, 2, 16]"
50120,"[5, 11, 15, 2, 9]"
73031,"[15, 3, 9]"
82737,"[3, 10]"
86792,[0]
36424,"[16, 6]"
43979,"[8, 5, 9, 2, 18]"
68828,"[13, 8, 11, 4, 0]"
33195,"[7, 6, 13, 18]"
35282,"[6, 2, 19]"
78454,"[7, 19]"
95879,"[18, 14, 7, 2, 5]"
17492,"[16, 18]"
20484,"[3, 15, 14, 1]"
69189,[3]
57455,[2]
33933,"[6, 9]"
89623,"[14, 1, 15, 9]"
18131,"[2, 9, 0]"
88702,"[19, 3, 15, 16]"
20147,"[17, 1, 19]"
89186,"[16, 13, 10]"
69459,"[13, 17, 5]"
44622,"[6, 7]"
22622,"[18, 9, 2]"
62922,"[10, 13, 2, 19]"
75015,[13]
80203,"[12, 10, 1, 4]"
13643,[14]
56995,"[12, 15, 10]"
77711,"[16, 9, 10, 1, 0]"
59373,"[5, 2, 16]"
29252,"[6, 5, 19]"
30837,"[14, 13]"
13125,"[13, 3, 14, 15]"
15789,"[13, 9, 6]"
53066,"[15, 17]"
31446,"[13, 11]"
28087,"[9, 6]"
31252,"[9, 10, 12, 0, 14]"
29513,"[4, 7]"
10484,"[14, 8, 16, 13, 12]"
85104,"[4, 1, 0]"
59790,"[4, 16, 9, 0]"
42500,"[5, 16]"
79907,"[12, 14, 5, 10, 19]"
84201,[17]
67152,"[4, 9, 15, 17]"
61752,"[12, 19]"
86202,"[7, 12, 18, 10]"
79020,[18]
41066,"[8, 10, 15, 14]"
61219,"[8, 12, 16, 2, 19]"
28901,"[16, 9, 18, 15]"
61525,"[0, 10, 2, 12, 19]"
89191,"[19, 8, 7]"
72175,"[4, 11]"
76002,[16]
71954,"[1, 18, 17]"
33186,"[3, 6]"
48156,"[15, 4, 14, 17, 11]"
45267,"[7, 18, 8]"
27584,"[8, 14, 5]"
31726,"[4, 0, 13]"
19983,"[1, 19, 17, 10]"
28127,"[13, 4]"
39917,"[6, 10, 12, 14, 2]"
56789,[0]
99678,"[2, 19, 3, 11]"
44310,"[3, 2, 5]"
53488,"[10, 0, 14, 7]"
82807,"[18, 3, 12, 15, 9]"
55419,"[4, 3, 1, 18]"
50128,"[7, 14, 6, 11]"
99579,"[18, 4, 12, 3, 1]"
88049,"[10, 0, 9, 15, 7]"
88090,"[12, 1, 15, 2]"
59264,"[18, 14, 11]"
57469,"[17, 6]"
58377,"[10, 7, 17]"
30846,"[18, 13, 0, 12, 1]"
13379,"[1, 6, 2, 0]"
96592,"[5, 8, 1, 13, 7]"
63086,"[5, 4, 13]"
60884,"[4, 17, 0, 7]"
59158,"[0, 15]"
40552,"[3, 17, 6]"
45217,"[4, 5]"
44774,"[6, 13, 8, 7]"
30911,"[5, 9, 0]"
69889,"[19, 6, 0]"
63737,[15]
48888,"[1, 4, 18, 3, 19]"
28170,"[14, 0]"
83233,[3]
62999,"[19, 11, 18]"
71992,"[0, 6, 7, 11]"
22783,"[15, 8, 13, 11, 5]"
45973,"[19, 9, 12]"
76712,"[2, 0, 9, 18]"
85191,"[17, 2, 10, 7, 3]"
59959,"[2, 18, 9]"
36124,"[5, 12]"
47080,[18]
62585,[1]
39969,"[8, 13, 19, 18, 7]"
66612,"[11, 3]"
47107,"[14, 19, 1]"
68456,"[1, 5, 9]"
34502,"[19, 1, 15, 0, 14]"
99273,"[2, 17, 4, 13, 16]"
77309,"[11, 18, 12]"
91014,"[19, 14, 18, 17, 7]"
50790,"[19, 16, 8, 13]"
99642,"[7, 18, 4, 2]"
39802,"[17, 13, 9, 7]"
15300,"[6, 3, 18, 14, 17]"
52835,"[10, 12]"
57730,"[17, 8, 14, 10]"
80068,"[14, 1, 16, 2, 19]"
20690,"[1, 15, 19, 10]"
78186,"[9, 1, 19, 5, 15]"
40710,"[0, 16, 15, 17, 1]"
10048,"[15, 10, 13]"
90709,"[3, 15, 17]"
58164,[11]
88106,[11]
45765,"[2, 9, 8, 13]"
59664,"[6, 10]"
51882,"[17, 7]"
25773,"[5, 16, 6, 19, 14]"
76715,"[19, 18, 8]"
81797,"[3, 17, 5, 8, 1]"
59444,"[0, 15]"
69480,[9]
63776,"[9, 10, 16]"
82412,"[0, 2, 6, 16]"
39357,"[10, 8, 6, 18]"
72271,"[4, 11, 0, 8]"
57182,"[5, 10, 11, 14]"
78469,"[13, 15, 1, 8]"
92693,"[14, 10]"
53835,"[14, 3, 12, 7, 1]"
61157,"[8, 12, 0]"
31956,[5]
99402,"[9, 15]"
78053,"[4, 7]"
96927,"[5, 16]"
41846,"[15, 13, 14, 8, 6]"
82852,"[12, 17, 3, 18, 2]"
27585,"[13, 11, 8, 12, 4]"
89950,[16]
77596,[1]
99525,"[10, 9, 5, 14, 2]"
31392,"[15, 14, 1, 12, 10]"
67428,"[3, 0]"
71416,"[15, 2, 12]"
30417,"[4, 3, 15]"
37527,[14]
63233,"[5, 17, 3, 6, 7]"
86739,"[10, 14, 2, 16]"
97656,"[6, 4, 15, 10]"
74187,"[7, 13, 17, 2, 16]"
18656,"[12, 3, 5, 2, 6]"
12004,"[7, 11, 3, 13, 9]"
57187,"[4, 10, 3, 17]"
41342,"[9, 10, 17, 8, 4]"
58170,"[17, 11]"
87793,"[8, 11, 4, 17]"
60163,"[1, 18]"
39924,"[5, 9, 18, 12, 10]"
30288,"[3, 19, 16, 5, 13]"
73575,"[2, 12]"
60532,[11]
28578,[19]
14166,"[0, 9, 15, 4]"
55065,"[19, 1, 14, 0]"
81004,"[19, 11, 18, 5, 13]"
31158,"[7, 18]"
53460,"[5, 3, 17, 12, 15]"
23018,[17]
42967,"[15, 9, 19]"
26811,"[15, 5]"
55524,"[0, 2, 12, 11, 14]"
33224,"[2, 9, 10]"
67538,"[15, 11, 8, 7, 16]"
81732,[12]
51121,[19]
10059,"[10, 5, 17, 11]"
52371,[16]
25028,"[19, 15, 4, 17]"
36399,"[9, 7]"
64344,"[18, 16, 0, 13, 9]"
70680,"[17, 3]"
92355,"[4, 5, 6]"
14108,"[5, 11, 9, 15]"
19984,[16]
95654,"[9, 14]"
77712,"[17, 15, 1]"
60936,"[12, 16, 9, 18]"
43222,"[3, 17, 12, 19, 1]"
74159,[12]
59082,"[4, 12, 0]"
72563,"[2, 5, 0, 6]"
50409,"[19, 10, 14]"
67366,"[1, 16, 3, 11, 8]"
26326,"[0, 1, 13]"
62981,"[7, 0, 3, 5]"
31526,"[1, 12, 16, 0, 7]"
39007,"[15, 14, 7, 5]"
82309,[7]
40491,[13]
41896,[1]
32020,"[13, 8, 4, 14, 16]"
12757,"[15, 5, 8, 11]"
18174,"[10, 8, 9]"
60843,"[17, 10, 7, 19]"
74642,"[15, 17, 2, 9]"
11527,"[12, 11]"
61887,"[19, 3]"
55258,"[2, 7, 14, 1]"
30672,"[7, 15, 12]"
15943,"[18, 19]"
42635,[10]
88619,"[10, 17, 9, 16]"
56032,[4]
75765,"[15, 18, 17]"
36162,"[3, 10, 13]"
67720,"[14, 17, 15]"
53499,[11]
61886,"[2, 8, 11]"
49046,"[11, 1, 10]"
44754,"[5, 19, 6, 0, 11]"
88297,"[18, 8, 17, 0]"
66809,"[9, 4, 19]"
16836,"[8, 14, 10, 11, 2]"
19014,[14]
10137,"[19, 5, 17, 8]"
96676,[2]
11181,[17]
50685,"[1, 5, 13, 3, 2]"
57615,[2]
25117,[15]
45722,"[11, 12, 8, 7, 0]"
35796,"[8, 19, 9]"
75051,"[10, 17]"
63436,"[11, 17, 18, 1]"
89230,[9]
75858,"[16, 9, 3, 10, 8]"
18056,[3]
96117,"[14, 2, 5]"
89818,"[6, 16, 4, 7]"
70117,[10]
83259,"[2, 14, 1, 10]"
97941,"[19, 14, 8]"
26567,"[6, 0]"
73213,"[6, 15]"
99728,"[17, 2]"
93267,[13]
19795,"[12, 16]"
26104,[19]
13545,"[13, 7]"
21151,[13]
16384,"[9, 10, 13, 18]"
13618,"[5, 13, 15, 19]"
83435,"[8, 0, 14, 7, 11]"
17179,"[0, 5, 17]"
83474,"[7, 4, 9, 16]"
32066,[18]
43123,[18]
93408,"[13, 3]"
11344,[19]
76493,"[0, 11, 15, 9]"
10842,"[18, 0, 3, 1, 16]"
85806,"[14, 15, 0, 10, 5]"
69121,[10]
80215,"[7, 2, 5, 17]"
62861,[13]
19702,"[9, 1]"
77035,[3]
28766,[9]
84082,"[14, 4]"
84093,"[6, 16, 9, 13]"
62707,"[0, 10, 13, 9]"
77162,[1]
14927,"[1, 4, 8, 9]"
54861,"[2, 19, 9]"
24542,[8]
81532,[16]
84698,"[10, 2, 5, 7, 6]"
33569,"[2, 0, 17, 6]"
64930,[6]
95767,"[7, 12, 15]"
99576,"[9, 3, 17]"
72945,"[5, 14, 15, 9]"
47720,"[0, 10]"
69537,"[17, 6, 11, 0]"
85810,"[7, 5, 3, 16]"
92379,"[1, 17, 3, 8]"
41093,"[18, 10, 2, 11]"
37704,"[1, 6, 18, 19, 17]"
86959,[12]
88554,"[19, 14]"
52212,"[2, 17, 0]"
43646,"[0, 17]"
88177,"[4, 18, 6, 14]"
88685,"[18, 2]"
80886,"[19, 6]"
61076,"[3, 6]"
63308,"[19, 4]"
35177,"[3, 7, 9, 17]"
83035,"[7, 3]"
47718,"[4, 14, 17]"
98305,"[10, 4]"
17696,"[16, 15, 10, 14, 0]"
90607,"[3, 10, 0, 8, 7]"
73139,"[4, 9, 18, 12]"
20509,"[15, 10, 9]"
77248,[4]
83860,"[2, 13, 16, 0, 5]"
22514,"[7, 3, 9, 8]"
61300,[14]
90100,[16]
34078,"[18, 8, 6, 7, 4]"
39925,"[4, 15, 19, 3, 11]"
29040,[1]
97010,"[1, 0, 9, 4, 3]"
36066,[1]
98880,"[12, 17, 3, 0, 19]"
45501,"[6, 0, 17, 15]"
88528,"[10, 7, 19, 17]"
37149,"[4, 8, 9, 1, 15]"
80588,"[4, 8, 1, 15, 13]"
97793,"[11, 16, 4, 17, 13]"
68011,[11]
46089,"[16, 6, 9, 14]"
45672,"[0, 10, 9, 2, 19]"
38556,"[10, 13, 18]"
32963,"[14, 7, 4, 18, 5]"
95419,"[13, 6, 14, 1, 17]"
28898,[2]
35569,[8]
67736,[14]
55131,"[16, 2, 4, 8, 9]"
82034,[7]
80921,"[15, 12, 10, 5, 4]"
90832,"[6, 14, 13, 7, 4]"
64507,[14]
21498,"[5, 16, 6, 13]"
98275,"[14, 8, 6, 3]"
14231,"[9, 10, 1, 14]"
88447,"[11, 0, 4, 12, 18]"
37868,[3]
35095,"[3, 7, 17, 0]"
82120,"[5, 19, 13]"
98166,"[16, 1, 5, 12, 11]"
55979,"[10, 4]"
94475,"[8, 10, 17, 1, 11]"
99405,"[16, 17, 0, 12]"
41011,"[12, 10, 1, 2]"
95060,"[2, 8, 13]"
97930,"[11, 6, 15, 9, 7]"
58571,"[10, 12]"
41466,"[17, 12, 19]"
93014,[3]
25172,"[18, 11]"
57119,[5]
78346,"[14, 16]"
61742,"[6, 4, 13, 7]"
92503,"[1, 2, 8, 10, 4]"
88952,"[1, 17, 11, 5]"
29477,[8]
25305,"[19, 16, 9]"
80284,"[12, 3]"
49174,[0]
94854,"[18, 10]"
15600,"[8, 7]"
21307,"[15, 0, 16]"
43666,"[7, 9, 1, 2]"
98975,"[11, 0, 19]"
92319,[0]
88783,"[6, 10, 14]"
30230,"[13, 16]"
22512,"[0, 18, 11]"
43812,"[7, 19]"
28528,[14]
43284,"[19, 14, 7, 10, 0]"
48860,"[8, 13]"
87667,"[2, 18]"
37918,"[19, 5, 11, 9]"
42831,[18]
26930,[16]
60887,"[6, 19, 11, 16]"
95071,"[6, 11]"
50144,"[14, 17, 6]"
60635,"[13, 9, 7, 6]"
76898,"[1, 9, 2]"
77837,[11]
44968,"[17, 14]"
35931,"[16, 19, 14, 5, 17]"
77552,"[3, 13, 12, 2, 14]"
45144,"[16, 12, 7, 11, 10]"
54418,"[9, 3, 10, 8, 13]"
96186,"[18, 8, 14]"
53309,[5]
94013,"[11, 0, 16, 2]"
67856,"[0, 13, 12, 9]"
66057,"[15, 7, 19, 0, 9]"
23836,[11]
22590,"[7, 10]"
95797,"[3, 5, 4, 16]"
65293,[17]
49501,[1]
97659,"[7, 10]"
10199,"[6, 10, 9]"
36004,"[2, 10, 8, 15, 3]"
84907,"[17, 0, 12, 8]"
68946,"[7, 14, 4, 19, 9]"
24042,"[9, 19]"
81404,"[7, 6, 5, 17, 13]"
23416,"[10, 2]"
24583,[0]
70980,"[4, 5, 15, 8]"
67652,"[2, 18]"
23165,"[4, 6, 11, 2]"
43618,[7]
83367,"[15, 12, 16, 5, 13]"
87203,"[6, 0, 15, 8]"
47131,"[16, 10, 0]"
92429,"[3, 1, 9]"
55165,"[16, 0, 12, 11]"
39129,"[12, 14]"
58799,[9]
98552,"[16, 3, 18, 6, 1]"
70199,"[4, 17]"
88857,"[12, 0, 9, 7, 5]"
74427,"[3, 16]"
58200,"[13, 10, 0, 17, 1]"
74271,"[15, 9, 13, 3, 14]"
98052,"[10, 3, 16, 18]"
20317,"[14, 10, 17]"
54922,[8]
68835,"[1, 10]"
21281,[0]
59934,"[19, 17]"
62499,"[18, 1, 7]"
98256,"[5, 18, 19]"
61758,"[4, 3, 18, 13, 17]"
49853,"[15, 2, 12, 11, 3]"
94712,"[2, 15, 9]"
67560,"[0, 19, 9, 13]"
53437,"[8, 17, 7, 19]"
54414,"[18, 11, 0, 1]"
75157,"[11, 6, 9, 3]"
39993,"[10, 14, 18]"
99007,[16]
47937,[17]
14962,"[11, 5, 12, 18]"
23973,"[10, 8, 18]"
50011,"[2, 15, 11, 3, 12]"
45022,[0]
17844,"[8, 1]"
93046,"[2, 17, 7]"
59494,"[6, 10, 5, 9, 1]"
58345,"[2, 9, 12, 15, 10]"
14337,[14]
71568,"[18, 4, 8, 12, 16]"
27688,"[2, 15, 1, 12, 19]"
36446,"[9, 7, 5]"
72073,"[18, 1, 3]"
80760,"[18, 4, 13]"
77036,"[11, 15]"
14599,"[16, 18, 7, 6, 14]"
59563,"[5, 10, 15, 13]"
83622,"[7, 18, 3, 1, 14]"
84185,"[5, 17]"
47175,"[8, 7, 16, 17]"
11045,[1]
95522,"[10, 6, 14, 18]"
74166,"[4, 3, 6, 10]"
44176,"[11, 16, 7, 4]"
96053,"[10, 19]"
36228,"[16, 19]"
92875,"[15, 13]"
90947,"[17, 0, 4]"
23519,[5]
83049,"[3, 19, 10, 18, 16]"
40352,[6]
80396,[13]
44332,"[11, 16]"
53899,[9]
39717,"[16, 7, 5, 3]"
78653,"[14, 7, 1, 8]"
89981,"[3, 18, 5, 19, 13]"
43823,"[3, 15, 5, 13]"
53174,"[18, 7, 17, 4, 15]"
81910,"[12, 19, 17]"
34834,"[7, 8, 6, 15]"
87745,"[1, 0, 7, 19, 15]"
57869,"[4, 15, 18, 19, 7]"
57668,"[11, 9]"
39890,[13]
97413,"[19, 9, 18, 16]"
64182,[19]
59974,"[9, 19]"
43121,"[16, 18, 2, 11, 13]"
10290,"[14, 17, 15]"
22942,"[19, 14, 10, 7]"
43634,"[12, 7, 5]"
74289,"[2, 16]"
43686,"[7, 15, 18, 8, 12]"
89681,"[1, 4, 19, 16]"
75814,"[16, 19, 12, 10, 8]"
96000,"[8, 3]"
64328,[6]
13842,"[5, 17, 0]"
79930,[17]
68314,"[14, 12, 16]"
13275,"[15, 2, 19, 9, 18]"
18740,[16]
89474,"[10, 5, 4, 19, 13]"
51372,[16]
74060,[12]
39369,"[11, 6]"
61621,"[8, 12, 11, 16, 19]"
28305,"[17, 6, 8, 5, 2]"
35501,"[4, 0, 1, 10]"
78621,"[5, 15, 12]"
27744,"[17, 9]"
27115,[7]
53232,[2]
50165,"[14, 6, 2]"
33657,[8]
63031,"[19, 15, 8]"
44971,"[14, 9]"
59384,[9]
65585,"[15, 5, 4, 18, 12]"
27937,"[9, 16, 4]"
68965,[1]
26718,"[14, 8, 2]"
22700,"[14, 18]"
21466,"[10, 12]"
96826,[17]
50591,"[6, 4]"
34801,"[8, 1]"
83108,[16]
20401,"[11, 6, 2, 3]"
16683,"[1, 0]"
70799,"[17, 7]"
17563,[3]
89627,[3]
23063,"[11, 4, 14, 18]"
49600,"[4, 9, 6, 10]"
69324,[1]
94776,"[13, 18, 4]"
31212,"[9, 8, 17]"
98570,[14]
53517,"[7, 13, 5]"
17374,"[5, 14, 17, 10]"
39645,"[5, 4, 8]"
67668,"[2, 19]"
25870,"[17, 6, 4, 10, 1]"
90863,"[8, 19, 7, 17, 12]"
87298,"[7, 17, 14, 10, 6]"
48796,[6]
45597,[17]
24437,"[18, 19, 14]"
16363,[17]
83593,"[8, 6, 2, 0]"
89719,"[13, 17, 5, 7]"
74799,"[0, 15]"
13414,"[9, 10, 8, 5]"
21016,"[7, 17, 11, 2, 12]"
17203,"[12, 18, 13]"
18219,"[0, 8]"
57165,"[16, 18, 19, 3, 6]"
91212,"[10, 6, 4, 18, 8]"
61398,"[18, 4, 17]"
10963,"[7, 5, 15, 18]"
30115,[1]
26949,"[2, 15]"
69297,"[17, 3]"
53213,"[5, 6, 3, 7, 12]"
68152,"[8, 18, 5]"
62899,[18]
38056,"[7, 10, 1, 18]"
66173,"[0, 14, 19, 16]"
32388,"[17, 8]"
45478,"[11, 1, 16, 2]"
96686,"[8, 13]"
66888,"[7, 8, 19, 15, 3]"
17130,"[4, 9, 7, 5, 3]"
22382,[0]
94684,"[15, 5]"
59370,[11]
78455,"[13, 0, 1]"
88275,"[19, 5]"
28394,"[17, 16, 2, 0, 5]"
34705,"[6, 14, 1, 18, 11]"
44827,"[17, 12, 0]"
32170,"[5, 16]"
81596,"[18, 4, 12, 8]"
18166,[16]
42535,[0]
26240,"[9, 1]"
48920,"[18, 11, 5]"
17742,"[17, 4, 13, 18, 10]"
83445,"[17, 5, 2]"
91312,"[1, 6, 12, 18]"
83113,"[8, 5]"
18861,"[7, 17, 2, 18]"
71370,"[6, 3, 17, 11]"
69720,"[6, 1, 13, 12, 8]"
53195,[2]
68285,"[14, 18, 13, 5, 15]"
64277,"[3, 8, 12, 2]"
30535,"[19, 3]"
69352,[12]
54509,"[11, 8, 9]"
57130,"[1, 12, 18, 19]"
41759,[16]
13631,[0]
87320,"[19, 9, 4]"
15030,"[7, 5]"
39206,"[11, 2, 6, 3, 12]"
54164,[6]
31330,"[6, 0, 16, 1]"
36175,"[14, 13, 5, 17, 8]"
49557,"[10, 18]"
63179,"[4, 11, 13, 8]"
34354,"[6, 7, 4]"
98683,"[6, 5, 3, 19]"
52469,"[15, 16, 6]"
32222,[14]
89733,"[19, 16, 18, 13, 17]"
38023,"[6, 18]"
87886,"[19, 7, 3, 11, 5]"
96316,[1]
84436,[5]
10107,"[13, 7, 16]"
39646,"[19, 11]"
56404,"[1, 15, 19, 13, 16]"
49373,"[17, 1]"
11900,"[14, 17]"
66446,"[6, 15]"
33003,"[17, 15, 6]"
97666,"[18, 14, 15, 4]"
60287,"[19, 7, 10, 16, 8]"
81827,"[18, 6, 19, 15, 14]"
63133,"[14, 16, 8]"
13447,[4]
36344,"[16, 2, 8, 7, 0]"
64420,"[4, 10]"
36211,"[13, 8, 7, 6, 11]"
35847,"[0, 3, 7, 5]"
48490,"[1, 2]"
28859,"[8, 1, 3, 10]"
46137,"[3, 19, 7]"
84560,"[17, 19, 13, 1, 16]"
39094,"[7, 4, 17, 19, 16]"
83412,"[3, 16, 7, 5, 10]"
16030,"[15, 4]"
73731,"[18, 8, 15]"
80817,"[2, 17, 9, 16, 10]"
13692,"[18, 9, 5, 19, 12]"
91142,"[4, 17, 0]"
11730,"[6, 17]"
38333,"[18, 0, 4, 6]"
64625,"[9, 5, 19, 1, 14]"
35323,"[11, 16, 8, 6]"
74497,[13]
44716,[3]
40487,"[18, 12, 8, 10, 7]"
99790,"[11, 18]"
97136,[17]
13521,"[8, 1, 18, 5, 16]"
77001,[5]
75552,"[3, 4, 9, 17]"
33523,"[3, 7, 12, 17, 16]"
48626,"[8, 17, 6]"
42387,"[15, 17, 1, 19, 18]"
35262,"[14, 6, 16, 2, 9]"
23539,"[11, 9, 17]"
56037,"[1, 16, 5]"
70412,[10]
89913,"[1, 8, 3, 19, 16]"
15980,"[16, 3, 12, 18]"
70763,"[3, 2, 7, 18, 12]"
61628,"[12, 2, 11, 3]"
65749,"[7, 4, 9]"
84191,"[13, 17]"
78651,"[4, 18, 0, 3]"
31371,"[11, 0, 5, 7, 6]"
48791,[19]
66633,"[8, 19, 17]"
34497,"[15, 12, 9, 7]"
53875,[12]
89484,"[15, 4, 19, 0]"
83652,"[9, 15]"
90638,"[18, 12]"
37364,[17]
77136,"[0, 16]"
44125,"[1, 15, 11, 7, 9]"
15012,"[13, 18, 14, 11]"
53879,"[19, 18]"
52112,"[3, 13]"
57452,"[14, 7, 13, 8]"
36390,"[12, 7, 1, 9]"
80575,"[16, 19, 5, 10, 8]"
81446,"[15, 5, 12, 19, 6]"
22153,[8]
82919,[18]
41774,"[13, 1, 5]"
51600,"[12, 1, 15, 14]"
46048,"[7, 17]"
11424,"[11, 8, 6]"
84955,"[10, 13, 6, 0, 17]"
97531,"[6, 4, 19, 2]"
43471,"[4, 6, 5, 18, 0]"
95806,"[5, 8, 9]"
90835,"[19, 6, 8]"
40423,"[9, 11, 1]"
21998,"[12, 7, 4, 0]"
61835,[18]
92016,"[9, 14, 6, 16, 15]"
26611,"[18, 14, 0, 8, 4]"
87965,"[0, 6, 14]"
61466,[17]
25856,[7]
77335,"[18, 10, 15, 8]"
86960,[8]
67110,"[10, 7, 13, 4]"
53133,"[7, 18]"
12397,"[19, 14]"
77741,[16]
77463,[6]
36319,"[6, 10]"
50214,[10]
89100,"[15, 0, 14, 16]"
30128,"[9, 13, 3, 8]"
46483,"[5, 17, 12, 15, 7]"
69551,[14]
20883,[7]
42896,"[15, 9, 3, 11, 12]"
17474,"[15, 4, 19, 9, 12]"
47320,[18]
49693,"[19, 2]"
19844,"[9, 15]"
91571,"[8, 12, 6]"
48611,[0]
30678,"[6, 14, 2, 0, 15]"
24878,[4]
94747,"[12, 18, 0, 2, 17]"
70189,[9]
70976,"[16, 8]"
83658,"[0, 9, 5, 6, 8]"
11375,"[16, 12]"
47341,"[4, 11, 5]"
44798,"[3, 12, 4, 11]"
41205,"[2, 10, 5]"
98902,"[12, 14, 6]"
36601,[10]
51019,"[8, 6, 7, 17, 10]"
84979,[6]
33552,"[2, 8, 7, 6, 16]"
57276,"[0, 18, 9, 1, 15]"
92084,[16]
17774,"[4, 1, 11, 7]"
83897,[4]
79965,[7]
28291,"[2, 13, 18]"
60979,"[8, 19, 15, 3]"
12094,"[18, 10]"
58179,"[9, 5, 16]"
98632,"[13, 17]"
34605,"[12, 8, 14, 19, 2]"
43071,"[17, 14, 7, 0, 12]"
34313,"[18, 2, 4, 12]"
24621,"[1, 6, 7]"
91956,"[9, 18, 17, 19, 3]"
71336,[11]
64865,"[7, 4]"
44005,"[5, 0, 1, 15, 18]"
20604,"[8, 11, 5, 18]"
96831,"[11, 3, 15, 5]"
37122,"[3, 9]"
87935,[2]
42011,[6]
63630,"[19, 6, 4]"
47931,"[1, 3, 16, 12, 7]"
90389,"[7, 16, 4]"
73570,"[8, 16]"
63090,"[15, 4]"
25972,"[9, 14]"
39859,[5]
69982,"[15, 18, 6]"
76587,"[15, 13, 14, 0]"
13744,"[2, 17, 6, 11]"
37133,"[18, 4, 14, 9, 3]"
91707,"[3, 5, 11, 9, 18]"
10876,"[8, 9, 3, 10]"
60718,"[16, 6, 14, 4]"
93300,"[2, 11]"
61143,"[14, 2, 17]"
90314,"[0, 13, 15]"
61934,"[10, 9, 16]"
48027,"[7, 14, 17, 0]"
70547,"[6, 2, 4]"
69768,"[9, 14]"
36541,"[6, 16, 7]"
23598,[4]
37435,"[12, 6, 7, 13]"
37412,"[7, 12, 17]"
43080,"[18, 13, 0, 12, 4]"
46572,"[8, 18, 14, 3]"
53822,"[2, 9, 17, 16, 5]"
83057,"[18, 12, 8, 2]"
89614,"[5, 10]"
40001,"[10, 9, 4, 11, 7]"
87672,"[10, 5, 9, 1, 17]"
55067,"[10, 11, 7]"
60655,"[0, 10]"
53894,"[10, 8, 18, 17, 11]"
23767,"[15, 1, 10]"
82736,"[5, 15, 13, 1]"
14282,"[12, 3, 5]"
84725,[1]
23511,"[12, 3, 19, 0]"
96149,"[6, 12, 9, 2]"
60421,"[5, 2]"
11495,"[13, 19, 4]"
76795,"[16, 18]"
93184,"[3, 15, 17, 13, 2]"
40601,"[14, 4, 1, 3, 17]"
16705,"[9, 13, 17, 10]"
14907,"[1, 18, 5, 11, 15]"
22823,"[1, 6, 8, 12]"
84783,"[0, 8, 12, 13, 10]"
52554,[16]
15189,"[5, 6, 15, 12, 4]"
40818,"[8, 12, 4, 3, 5]"
91682,"[0, 1]"
23371,"[10, 14, 3]"
44322,[12]
97697,"[15, 19]"
84709,"[3, 6, 9]"
61195,"[9, 11, 3, 17]"
80997,"[13, 19, 14, 9]"
89766,"[16, 11, 3]"
46244,"[6, 1, 14]"
39457,[3]
57228,"[13, 10, 16, 6, 17]"
84999,"[1, 12, 4, 7, 13]"
91685,[10]
82850,"[14, 0, 9]"
15722,[17]
95673,"[11, 17]"
92602,"[18, 4]"
14511,"[4, 6, 10, 5]"
46650,"[18, 8, 19, 7]"
82698,"[2, 1, 9, 17]"
89264,"[4, 9, 12, 17, 5]"
78426,"[4, 7]"
27048,"[6, 10]"
18697,"[18, 11, 9, 10]"
25523,"[17, 3, 0, 1, 7]"
74339,"[14, 12, 11, 4]"
82010,"[3, 13, 8]"
30338,"[13, 9, 2, 19]"
16321,"[10, 1, 8]"
97320,[1]
53527,"[13, 5]"
80080,"[10, 4, 14]"
49808,"[0, 17]"
45700,[14]
51938,"[5, 1, 0, 19, 6]"
49227,"[13, 11, 18, 4, 3]"
79982,"[6, 1, 13, 9]"
70925,"[10, 15, 7, 19]"
57782,"[4, 6, 17, 19, 5]"
72454,"[17, 6, 11, 13, 19]"
93723,"[3, 5, 8]"
44727,"[8, 6, 0, 15, 12]"
89151,"[15, 13, 0]"
65779,[15]
15325,"[18, 12]"
87390,"[1, 8, 13, 17]"
41010,"[11, 7, 13, 5]"
65734,"[10, 9]"
73761,[7]
29276,"[14, 6, 15]"
13635,"[1, 8, 12, 5]"
12664,"[15, 2, 6]"
15043,"[8, 5, 16]"
78372,"[14, 3, 8, 17]"
13422,"[8, 14, 17]"
43935,"[7, 1]"
74016,[12]
24417,"[16, 19, 1]"
62408,"[15, 10, 11]"
51765,[4]
34311,"[2, 17, 12, 8, 3]"
56449,"[5, 18, 7, 1, 13]"
14872,"[5, 16]"
36048,"[15, 17]"
85855,"[10, 2, 18, 8]"
97636,[3]
90134,"[7, 3, 4, 13, 8]"
59075,[1]
80348,[11]
31554,[6]
42916,"[17, 1, 19, 8, 15]"
76537,[3]
96021,[14]
85460,[4]
23065,"[9, 12, 13]"
60053,"[17, 13, 11, 9]"
14453,"[3, 18, 6, 16]"
28495,[9]
51100,"[10, 12, 9, 2, 19]"
97824,"[12, 14, 6, 13]"
63524,"[3, 15, 16, 11, 2]"
35792,"[11, 2]"
17229,"[9, 4, 5, 1, 19]"
60342,"[6, 3, 16]"
49382,"[18, 16, 9, 3, 8]"
15526,[17]
31825,"[1, 14, 10, 16, 8]"
62635,"[2, 3, 11, 6]"
52935,"[3, 2, 16, 1, 0]"
61558,[5]
76072,"[5, 11, 8, 7]"
14783,[10]
46827,[12]
40347,"[5, 6]"
62081,"[9, 12, 8]"
29077,"[4, 19, 2]"
95959,"[13, 6, 5]"
60098,"[18, 11]"
21701,"[9, 14, 13, 10, 4]"
15806,"[5, 0, 12, 3, 15]"
50666,"[12, 2, 5, 4]"
18921,"[9, 2, 15, 4, 11]"
36790,"[12, 13, 6, 14, 18]"
78054,"[5, 14, 12, 18, 11]"
10572,"[3, 19, 10]"
92055,"[17, 16, 12]"
20496,"[16, 12, 19, 17]"
74131,"[19, 6, 2, 17]"
48242,"[9, 3]"
87341,"[8, 3, 11, 16, 1]"
71836,"[19, 3, 10]"
58060,"[8, 10, 16]"
37598,"[3, 7]"
94653,"[14, 4]"
57332,[17]
86931,"[10, 3, 8, 15, 14]"
95963,"[18, 1, 19, 14]"
86598,"[10, 1, 19, 6, 8]"
46416,"[1, 10, 17, 15]"
66990,[4]
14294,"[5, 18, 14, 12]"
16115,"[13, 9, 7, 17, 15]"
25342,"[18, 9, 1, 19]"
72146,"[10, 8, 1, 12, 0]"
67372,"[9, 6]"
93974,[16]
68859,"[9, 8, 1]"
18089,"[19, 13, 17]"
44620,"[5, 4, 12, 15]"
82830,"[18, 6]"
51732,[15]
90341,"[6, 4, 0]"
49179,[9]
18829,"[8, 9]"
76655,"[6, 10, 18, 17]"
58740,"[2, 18, 11, 7]"
16453,"[14, 17, 11, 13, 5]"
84118,[8]
51335,[19]
14343,"[19, 1, 12]"
24687,[0]
23976,"[9, 11, 4, 18]"
87462,"[9, 18, 7]"
57423,"[11, 13, 9, 0]"
18213,"[4, 8]"
46675,"[19, 13]"
36800,"[14, 12, 15, 1, 10]"
31202,"[7, 8]"
82517,"[18, 1, 5, 17, 0]"
59666,"[14, 12, 7, 3]"
87658,"[6, 14]"
68018,"[7, 16, 17]"
89667,"[4, 18, 1]"
65576,"[4, 0]"
41328,"[1, 2, 6, 14, 11]"
59175,"[17, 4]"
97743,"[12, 17, 0, 14, 1]"
59371,"[10, 15, 0, 4]"
54176,"[17, 5, 11, 8]"
89309,"[1, 3, 18]"
70506,"[4, 15, 14, 10]"
52238,"[3, 2]"
98816,"[11, 8, 2, 15]"
63638,[12]
28989,[6]
26028,"[2, 14, 16]"
22298,"[14, 10, 16, 3, 15]"
93719,"[4, 6, 0, 9]"
18596,"[6, 5, 15]"
94893,"[3, 13, 2, 7]"
48931,"[2, 19, 13]"
54440,[6]
97373,"[10, 13, 12]"
96511,"[7, 10, 3, 5, 11]"
97912,"[10, 11, 1, 3, 19]"
20793,"[2, 18, 5]"
42439,[0]
23041,"[2, 6]"
85367,"[13, 0, 19, 9]"
79637,"[19, 9]"
88002,[16]
69326,"[11, 13, 1, 16]"
15939,[0]
45128,"[17, 3]"
95570,"[14, 16]"
68658,"[1, 2, 10, 13, 6]"
65632,[12]
16119,"[10, 12, 4, 1]"
60103,"[5, 11, 8, 9]"
13025,"[11, 9, 6, 18]"
35466,"[15, 6]"
80397,"[2, 0]"
91567,"[15, 13, 7, 2]"
18233,"[15, 12, 0, 19]"
98614,[4]
23688,"[1, 3]"
62313,"[11, 15, 7, 18]"
98025,"[5, 9]"
58097,"[2, 16, 10, 14]"
59179,"[19, 11, 2, 7]"
42551,"[2, 16, 14, 17, 15]"
37137,"[13, 4, 3]"
21221,[13]
66954,[17]
41509,[18]
73686,[5]
45085,"[12, 4]"
28398,[8]
52422,"[9, 4, 6, 18, 15]"
55887,"[17, 15, 5, 9]"
33261,"[5, 12, 17, 4]"
95501,"[17, 12]"
74408,[8]
74804,"[7, 14, 13]"
18828,"[12, 13, 11]"
47129,"[10, 8, 1, 4, 5]"
95846,"[3, 10]"
98968,"[17, 12]"
81617,"[15, 4, 19]"
56443,"[8, 10, 17, 0, 1]"
90306,"[14, 6, 13, 5]"
49999,[10]
38502,"[1, 13, 16, 9, 15]"
17038,[16]
69182,"[9, 11, 8, 6, 12]"
88354,"[17, 16, 15, 18, 1]"
90408,"[14, 1, 0]"
36360,[9]
45488,"[2, 19, 11, 4]"
52722,"[10, 16]"
35380,"[19, 0, 10, 17, 12]"
37341,"[8, 11]"
49508,"[16, 9, 14, 7]"
38631,"[5, 2, 13]"
48042,"[12, 4]"
39166,"[13, 2]"
92124,"[8, 7, 5, 9]"
25501,"[12, 6, 11]"
86851,[19]
79977,"[10, 7, 0, 19]"
19974,"[8, 4]"
94630,"[8, 7, 2]"
56652,"[11, 10]"
75946,"[4, 18, 11, 13, 6]"
81177,"[9, 8, 7, 4]"
87222,"[6, 12, 13]"
54170,"[12, 13, 11, 4]"
74661,"[10, 13]"
86934,"[1, 0, 19]"
57739,"[12, 5, 11]"
54635,"[3, 0]"
45893,"[18, 4, 12, 8]"
74724,"[19, 15]"
30980,"[12, 4]"
99930,"[16, 2, 9]"
77768,"[0, 12, 19]"
55834,"[11, 5, 13]"
73638,"[13, 7]"
71300,"[11, 7, 10, 6, 14]"
72817,"[15, 11, 17]"
49189,"[19, 7, 1, 13]"
86791,"[10, 1, 9, 18]"
33877,"[9, 2, 18, 12]"
59668,"[15, 10]"
11778,"[18, 11, 6, 8, 2]"
68503,"[4, 14, 15]"
85404,[16]
34973,"[4, 19, 1, 3]"
35160,"[10, 16]"
23686,"[10, 3]"
24693,"[6, 2, 0, 12]"
12815,[0]
65169,[6]
98549,"[11, 18, 16, 1, 10]"
36101,"[10, 17, 19]"
91100,"[7, 17, 13, 16, 9]"
43348,"[12, 9, 5]"
50525,"[1, 11, 14]"
90187,"[13, 11, 12]"
27138,"[14, 15]"
41272,[16]
61606,"[1, 4, 7]"
33869,[14]
66148,[14]
20038,"[9, 4, 13, 18]"
59626,"[19, 10, 5, 0, 9]"
45966,"[2, 6]"
53428,"[17, 0, 3, 14]"
87687,"[18, 14]"
76021,"[10, 16, 13, 14, 11]"
51453,"[13, 19, 3, 12]"
58073,[19]
34746,"[4, 1, 16, 10, 18]"
16457,[12]
80153,"[12, 2, 16, 11, 6]"
34486,"[7, 10, 18, 14]"
87062,[10]
26296,"[6, 15]"
19539,"[2, 15]"
49801,[13]
99880,"[16, 10, 14]"
43131,"[8, 10, 9]"
81318,"[2, 3, 15, 5, 12]"
27654,"[10, 2, 8]"
42559,"[13, 17]"
75142,"[0, 17, 6, 7]"
65611,"[10, 19]"
84848,[5]
61146,"[4, 0, 16, 3]"
36021,[3]
75494,[14]
15507,"[17, 19, 10, 16, 12]"
13733,"[1, 19, 2, 10]"
19587,[14]
85131,"[9, 6]"
72316,[9]
87317,"[10, 15]"
90344,"[14, 2, 12, 10, 18]"
87847,[19]
29576,[6]
19692,"[9, 18, 4, 0]"
87078,"[13, 6, 17]"
53732,"[19, 14, 16, 2]"
62973,"[3, 6, 8, 9, 10]"
41276,"[15, 11, 0, 8]"
32369,"[4, 18, 3, 19]"
13827,"[18, 7, 15]"
37991,"[1, 7, 10, 2, 13]"
62685,"[13, 3]"
90260,"[17, 13, 5]"
88016,[10]
90358,"[5, 2, 19]"
75768,"[16, 6]"
44578,"[1, 6, 10]"
84097,"[3, 16, 10, 4, 7]"
53556,"[0, 12]"
73597,"[7, 13, 4, 19]"
95121,"[6, 19, 14]"
98967,"[9, 2]"
95290,"[0, 7, 5]"
37578,"[6, 4]"
38432,"[12, 9, 10, 8, 17]"
23807,"[2, 17, 6]"
82608,"[2, 9, 11]"
75857,"[10, 17, 13, 5]"
71187,"[12, 10, 0]"
72010,[1]
97106,"[13, 11, 17, 19, 14]"
84271,"[19, 13, 2, 8, 17]"
39716,"[6, 12]"
64560,"[6, 13, 9, 10, 5]"
69894,"[6, 8, 14, 13, 19]"
14982,"[6, 5]"
24894,[19]
48980,"[15, 18, 12, 13, 3]"
41172,"[7, 2, 6]"
73839,"[14, 8, 10]"
75968,"[12, 2, 14, 16]"
80533,"[9, 3, 11, 17, 10]"
40311,"[19, 8, 12, 0]"
17169,"[10, 8]"
45308,"[13, 5, 16]"
27361,"[11, 18, 8, 7, 16]"
26713,[16]
31037,[11]
88086,"[14, 15, 19]"
98951,"[10, 19]"
38918,"[7, 3, 9]"
72524,"[17, 2]"
54982,[14]
31410,"[0, 14]"
46324,[18]
70602,"[16, 2, 9]"
68841,[7]
43492,"[14, 11]"
64071,"[10, 7, 13]"
43032,"[8, 2, 5]"
45751,[9]
61332,"[14, 16, 0, 18, 11]"
36948,"[11, 19, 6, 10, 15]"
68119,"[13, 8, 4, 2, 1]"
80110,"[11, 4]"
47023,[17]
27897,[3]
95599,[14]
85050,"[14, 16, 0]"
74584,"[11, 17]"
46242,[15]
31216,[10]
39060,"[10, 17, 3, 0]"
77435,"[2, 6]"
58879,"[17, 13]"
36639,"[2, 8, 10]"
39764,"[2, 14, 11]"
91410,"[17, 1, 15, 11, 4]"
29733,"[8, 5, 14]"
17701,[5]
26971,"[10, 13, 3, 16]"
54632,"[3, 19]"
53150,"[10, 11, 1]"
93295,"[11, 12, 16]"
91003,"[12, 13, 2]"
22342,[16]
84100,[12]
13204,[0]
65845,"[17, 19, 1, 2]"
72550,[12]
53277,"[17, 12, 8, 0]"
17361,[5]
84678,"[2, 19]"
49611,"[3, 2]"
95849,"[18, 4]"
37131,[1]
59413,"[13, 9, 0, 10]"
59222,"[13, 18, 4]"
93374,"[6, 7]"
92463,[8]
28991,"[7, 17, 9, 3]"
40307,"[14, 13, 6, 5]"
16065,"[17, 1, 0]"
80677,"[8, 2, 0, 5, 11]"
60847,[13]
69950,[9]
82948,"[18, 1, 0, 8, 5]"
12744,"[14, 0]"
38733,[7]
91239,"[18, 6]"
32951,"[11, 14, 19]"
41638,"[8, 14, 15, 7, 18]"
25098,"[13, 19, 15]"
30168,"[2, 0, 15]"
63521,"[6, 16, 10, 9]"
94397,"[0, 3, 14]"
16825,"[4, 11, 6, 19]"
32250,[18]
32488,"[3, 7, 8, 0]"
95243,[1]
30844,"[19, 2, 12]"
69477,"[8, 14, 19, 12]"
22295,"[8, 18, 0, 15, 2]"
84804,"[15, 11, 10]"
26832,"[10, 6, 7, 0, 16]"
61438,"[17, 15, 16]"
49265,[0]
50255,"[18, 10, 9]"
26027,"[14, 5, 3, 11, 15]"
92315,"[1, 0, 5, 9, 12]"
48705,"[8, 7]"
72683,[15]
38308,[2]
38489,"[11, 2, 9, 16, 18]"
80887,"[13, 12, 8, 1, 14]"
21461,"[16, 18]"
16594,"[11, 14]"
24409,"[11, 13, 6]"
59426,[9]
34989,[7]
85062,"[12, 3, 16]"
88035,"[1, 2, 16, 15, 14]"
61556,"[10, 0, 13, 14]"
82190,[17]
88920,"[10, 16, 0, 6, 9]"
43807,[16]
45358,"[13, 5, 14]"
68215,"[15, 7, 8]"
23877,"[2, 0, 13]"
57699,"[14, 19, 4, 5, 12]"
12596,"[13, 10]"
36332,[1]
15999,"[12, 6]"
45810,"[5, 9]"
60182,"[1, 8]"
19020,"[12, 7, 8]"
89651,[10]
36570,[2]
60297,"[10, 17, 8, 14]"
84744,"[15, 0]"
24449,"[13, 19, 11, 18]"
96187,"[11, 15, 19, 14]"
20582,"[18, 10, 11, 14, 2]"
90903,"[16, 18, 7, 9]"
36613,[13]
50304,[1]
60097,"[15, 6, 7, 19, 9]"
37555,"[16, 15, 5]"
17686,"[18, 12, 5]"
24455,"[3, 9, 8]"
54586,"[14, 4, 19, 8]"
58425,[2]
43367,"[4, 13, 1, 3, 0]"
93508,"[5, 7, 0]"
86646,"[3, 1, 14, 8]"
40130,"[14, 9]"
47308,"[13, 6, 19, 17, 15]"
41325,"[2, 12, 14, 9, 10]"
69149,"[16, 8]"
38358,"[7, 19, 6, 9, 11]"
44425,[19]
57634,[18]
26507,"[17, 0, 8, 4]"
87588,"[8, 16, 15, 18]"
71995,"[10, 13]"
59007,[10]
32907,"[18, 8]"
60673,"[16, 10]"
97919,"[8, 5, 7, 12]"
31661,"[8, 19, 6, 4, 14]"
44840,"[1, 2, 18]"
68234,"[5, 11, 9]"
50773,"[9, 11, 1, 0, 5]"
85872,"[13, 8, 10, 4]"
68131,"[12, 17, 6]"
20787,"[18, 15, 17, 5, 19]"
39518,[15]
68508,"[11, 17, 14, 2]"
64281,"[17, 6]"
51068,"[13, 19, 9, 4, 2]"
19953,"[4, 6]"
18954,"[2, 11]"
80941,"[11, 0, 4, 1]"
96105,[2]
31846,"[1, 6, 11, 15, 16]"
61386,"[17, 19, 11, 16]"
69717,"[13, 12, 7, 2, 1]"
25016,[11]
32811,"[16, 0, 11, 14]"
83003,[14]
84654,[13]
60060,"[1, 11, 13, 10]"
39543,[14]
12364,[2]
49125,"[10, 11, 18, 17, 3]"
50395,"[4, 17]"
66162,"[10, 18, 11, 6]"
64878,"[8, 13]"
50843,"[17, 9, 3, 8]"
97416,"[12, 0]"
83852,"[3, 15, 18, 7]"
46888,"[18, 16, 5, 14, 6]"
10561,"[12, 1, 19, 18, 10]"
51676,"[10, 13, 16, 11, 8]"
66026,[19]
40371,"[17, 0, 1, 9, 13]"
10150,"[9, 11, 7, 19]"
16508,"[9, 1]"
76117,"[4, 19, 15]"
30950,"[6, 18, 9, 7, 14]"
86235,"[13, 9, 12, 2, 5]"
17033,"[0, 6, 17, 2]"
29667,[10]
76563,"[18, 12, 6]"
51434,[7]
57270,"[1, 15]"
37091,"[6, 10]"
75622,"[13, 6]"
11346,[0]
54143,"[18, 12, 1, 9]"
47042,"[18, 14, 2, 8]"
34166,"[12, 6, 5]"
22417,[10]
43571,"[0, 3, 8]"
12476,"[10, 8, 15, 3]"
65695,"[4, 9, 1, 13]"
89790,"[1, 5]"
84251,"[19, 1, 4]"
76680,"[19, 2, 7, 4]"
89076,[1]
50053,"[11, 12, 9]"
62803,"[0, 7, 18]"
69447,"[0, 6, 13]"
60598,"[7, 5, 10, 15]"
42417,"[19, 3, 4]"
21692,[19]
60904,"[19, 2, 16, 14, 5]"
36091,"[7, 13, 9]"
90470,"[0, 9, 15]"
46163,"[19, 10]"
59053,"[7, 1]"
36086,"[15, 3]"
63072,"[13, 2]"
32096,"[16, 3, 6, 2, 11]"
48047,"[11, 4]"
94703,"[11, 13, 10]"
58429,"[11, 3, 19, 6]"
79332,"[11, 16, 9]"
98439,"[14, 0, 4, 9]"
12718,"[15, 17]"
98684,"[1, 13, 9, 14, 7]"
62855,"[6, 7]"
73392,"[9, 12, 15]"
90691,"[18, 13, 8, 4, 17]"
20972,"[4, 1]"
10122,"[18, 10, 11]"
25124,[2]
82761,[9]
61311,"[14, 1, 13]"
67459,"[10, 18, 6, 4, 12]"
50483,"[4, 12, 19, 0, 11]"
88393,"[2, 13, 6]"
18123,"[5, 12]"
19453,"[18, 19, 15, 17]"
17237,"[11, 16, 0, 10]"
94551,"[8, 1, 17]"
12571,"[4, 14, 3, 6, 11]"
62858,"[2, 16, 7]"
55994,[19]
34310,"[13, 14, 12]"
67477,"[0, 15, 13, 7]"
26217,"[6, 19, 0, 12, 1]"
68888,"[12, 1, 10]"
28860,"[2, 12]"
15691,"[10, 4, 15]"
14842,"[17, 12, 16, 5, 8]"
86149,[13]
45441,"[0, 13, 4]"
56166,"[7, 18]"
96779,[0]
16198,"[9, 8, 6]"
30498,"[11, 8, 14, 9, 1]"
60227,"[8, 9, 11, 19, 3]"
13205,[1]
32713,"[10, 17, 14, 7]"
90350,"[10, 15, 5, 3]"
24303,[10]
52864,"[8, 19, 12, 5]"
76466,[2]
31781,"[1, 18]"
91564,"[19, 2, 3, 1, 9]"
55167,"[8, 0, 4, 1]"
97045,[19]
94827,"[19, 17]"
70215,[16]
20915,"[6, 5]"
45189,"[3, 13, 8, 5]"
76548,"[10, 7, 16, 3]"
88351,"[0, 10]"
44666,"[18, 11, 4, 3, 0]"
80650,"[14, 19, 9, 3, 18]"
76532,"[3, 9, 7, 6]"
97931,[16]
60555,"[0, 13, 11, 5]"
22163,"[3, 2]"
66267,"[1, 8, 2, 7, 19]"
35318,"[15, 17, 1, 9]"
20262,"[9, 4, 15]"
98467,"[15, 2, 11, 10]"
75583,"[16, 3, 6]"
20349,"[15, 2, 5]"
72856,"[3, 14, 9]"
10184,"[16, 12]"
12342,[9]
55272,[13]
88061,"[12, 8, 0, 2]"
76598,"[9, 8, 12, 17]"
75387,"[16, 9]"
43398,"[14, 11, 17]"
95103,"[1, 2, 7, 6, 19]"
19346,"[15, 3, 7, 14, 0]"
73304,"[10, 13, 16, 17]"
93444,"[1, 11, 18]"
96670,[5]
55140,"[5, 14, 10, 7, 11]"
29653,"[6, 12, 2]"
56013,[14]
86619,"[8, 2, 12]"
47085,[9]
83935,"[15, 14, 5]"
51204,"[3, 17, 5, 1, 8]"
32060,"[17, 4]"
78415,[1]
72028,"[3, 15, 17]"
99687,"[1, 8]"
59658,"[10, 16, 18, 9, 1]"
62856,"[5, 9]"
30942,[6]
86381,"[3, 5]"
23091,"[7, 14, 3, 11]"
80514,"[16, 7, 17]"
78276,"[14, 11, 19, 10]"
59173,"[9, 17, 19, 14]"
96296,"[17, 5, 19, 15]"
26497,"[11, 12, 3]"
38084,"[7, 0, 15, 3]"
92661,"[10, 6, 7, 13]"
33901,"[2, 3]"
63497,"[8, 6, 13]"
15863,[13]
12790,"[13, 10]"
42910,"[8, 1]"
85987,"[19, 9]"
65458,"[19, 16, 9, 5, 1]"
21488,"[8, 16, 14, 5, 6]"
94069,"[16, 2, 5]"
32922,[16]
21569,"[8, 1, 14, 17]"
50403,"[3, 2, 17]"
97830,"[2, 18, 9, 12]"
50103,[17]
65042,[12]
32238,"[9, 18, 10]"
91107,"[17, 6, 5]"
53716,"[17, 2, 10, 19, 0]"
63413,[17]
95423,"[7, 4, 11, 16, 8]"
78392,"[2, 7, 5]"
96548,[13]
18083,[9]
55965,"[6, 16, 18, 12]"
46732,"[15, 16, 5]"
82203,"[10, 19, 13]"
45200,"[12, 5, 2, 16]"
86111,"[10, 16, 12, 14, 19]"
81520,"[2, 0, 13, 4, 8]"
70663,"[7, 2]"
24901,"[6, 15]"
79160,"[12, 18, 16, 6, 15]"
80015,"[2, 7, 14, 18]"
55240,"[10, 14]"
56407,"[17, 14, 16]"
69932,"[12, 3]"
95543,"[11, 5, 13, 0]"
57621,"[2, 5, 18, 7, 16]"
70006,"[6, 9, 7, 3]"
10927,"[10, 7]"
25138,[16]
50360,"[4, 6, 13]"
90603,"[15, 2]"
85873,"[17, 9, 4, 8]"
96570,"[1, 10]"
59263,"[8, 6, 5]"
59496,"[10, 0, 6]"
37329,"[17, 16]"
76552,"[5, 3, 18, 7, 12]"
74361,"[8, 15, 12]"
27513,"[15, 5, 9, 2]"
51553,"[5, 1, 11, 12, 16]"
15493,"[11, 18, 5, 4, 13]"
15281,[6]
61152,[14]
71492,"[4, 6, 15, 2]"
48482,"[10, 5]"
87583,"[1, 17, 16]"
55883,"[2, 14]"
70405,"[1, 2]"
50259,[13]
31550,"[16, 15, 1]"
85846,"[4, 11, 18, 6, 19]"
98616,"[3, 2, 12, 6]"
11217,"[7, 11]"
53096,"[1, 18, 14]"
60123,"[12, 2]"
42225,[0]
55372,"[19, 11, 17]"
95920,"[15, 8, 3, 4, 18]"
67285,"[18, 4]"
10300,"[3, 8, 0]"
15326,"[6, 2, 10]"
91224,[16]
21286,"[1, 9]"
61834,"[19, 18, 2]"
23194,"[0, 17]"
33514,"[11, 17, 16]"
73680,"[6, 13, 14, 16, 18]"
76721,"[5, 18, 9, 7, 8]"
60048,"[19, 18, 10, 11, 0]"
95426,"[17, 8]"
48590,"[14, 6, 17, 11]"
22953,"[4, 19, 6, 5, 2]"
14555,"[9, 15, 8]"
85030,"[6, 10]"
98540,"[15, 17, 19, 13]"
75517,"[1, 18, 0, 6, 4]"
75221,"[2, 3, 7]"
27295,"[10, 18, 6, 17]"
27896,[7]
63369,"[16, 8, 6]"
70960,[7]
11698,"[1, 15, 14, 2]"
42285,"[13, 3, 7]"
98389,"[12, 10, 16]"
10606,"[12, 15]"
12064,[0]
16843,[19]
29253,"[1, 6, 2, 16, 17]"
37348,[17]
36104,[15]
96600,"[10, 7, 2, 0, 18]"
70542,"[11, 0, 9, 3, 17]"
67585,"[13, 5, 10, 17, 7]"
19723,"[9, 19, 14]"
60650,[4]
60449,[1]
82329,"[7, 6, 11, 17, 12]"
25779,[1]
55861,"[5, 13, 19]"
61135,"[13, 8, 14, 0]"
72477,"[0, 16, 3, 5, 17]"
40116,"[19, 18, 17]"
43236,[11]
26605,"[7, 8, 5, 4, 6]"
83700,"[14, 4, 16, 8, 13]"
17171,"[6, 10]"
90906,"[16, 7, 10, 2]"
20116,"[5, 16, 15]"
96440,"[7, 13]"
93311,"[12, 18, 13, 14]"
84882,"[0, 10, 6, 9]"
43432,"[1, 6, 17, 16, 4]"
37055,"[17, 12, 10, 6]"
76567,"[11, 14, 2, 19]"
57191,"[4, 18, 13]"
38698,"[4, 11, 18, 2]"
74629,"[14, 16]"
13981,"[11, 12, 17, 16]"
82770,"[14, 1, 11, 6, 0]"
46655,"[7, 18, 16, 17]"
85642,[8]
57890,"[19, 15, 5]"
75332,"[19, 6, 1, 18, 7]"
30452,"[8, 9, 16]"
42119,"[2, 11, 19, 3]"
49635,"[17, 18, 5]"
39656,"[7, 6]"
39978,"[10, 9]"
96411,"[7, 16, 5, 12]"
75255,"[2, 17, 16, 12, 1]"
63658,"[3, 10, 11, 9, 15]"
70777,"[1, 18, 16, 5]"
12833,"[12, 8, 5]"
70207,"[19, 15, 7, 16]"
27113,"[0, 11, 18, 9]"
19628,"[14, 12, 16]"
81464,"[17, 5, 9, 0]"
15934,[9]
36190,"[19, 14]"
73564,"[7, 10, 13]"
55059,"[9, 15, 3, 0]"
51529,"[9, 4, 19, 0]"
12067,"[2, 6, 16, 12, 8]"
73992,"[19, 15]"
11430,"[3, 2, 13]"
32097,"[17, 11]"
22539,"[13, 18, 6]"
94913,"[15, 16, 19, 8, 9]"
42415,"[9, 3, 2, 8, 18]"
61384,"[13, 0, 4, 8]"
48366,"[19, 0]"
40258,"[8, 4, 15, 16]"
52252,"[19, 15]"
69123,[17]
98713,"[18, 13]"
43210,"[18, 6]"
63475,"[3, 4]"
